申請日,申請種別,姓,名
2021/03/01,切り替え,松島,結子

2021/03/01,再点,畑,大五郎
2021/03/01,再点,皆川,真悠子
2021/03/01,切り替え,柳田,朝香
2021/03/01,切り替え,成瀬,かおり
2021/03/02,切り替え,末吉,愛菜
2021/03/02,再点,北村,薫
2021/03/02,切り替え,野上,朝陽
2021/03/02,再点,成海,千夏
2021/03/02,切り替え,香椎,晃司
2021/03/02,再点,豊原,朝陽
2021/03/02,切り替え,藤井,勇一
2021/03/02,切り替え,梅沢,亮
2021/03/02,再点,阿部,あさみ
2021/03/03,再点,尾形,貴嶺
2021/03/03,切り替え,江川,洋
2021/03/03,切り替え,浅沼,竜也
2021/03/03,切り替え,浦野,莉央
2021/03/03,切り替え,小寺,光洋
2021/03/03,再点,吉田,勝久
2021/03/03,切り替え,宮坂,健
2021/03/03,切り替え,中野,光洋
2021/03/04,再点,小宮,えみ
2021/03/04,切り替え,吉沢,隼士
2021/03/04,切り替え,村松,ヒロ
2021/03/04,再点,木本,恵美
2021/03/04,切り替え,篠田,隆之介
2021/03/05,切り替え,阿井,まみ
2021/03/05,切り替え,榎本,竜也
2021/03/05,切り替え,北山,恵梨香
2021/03/06,再点,松岡,丈雄
2021/03/05,再点,上田,あさみ
2021/03/06,再点,出口,慶二
2021/03/06,切り替え,相川,光良
2021/03/06,切り替え,宮川,啓介
2021/03/07,再点,那須,みゆき
2021/03/07,切り替え,山崎,宏
2021/03/07,切り替え,綾瀬,奈月
2021/03/07,切り替え,富樫,みあ
2021/03/07,切り替え,奥,育子
2021/03/07,再点,神原,遥
2021/03/08,切り替え,坂野,光
2021/04/04,再点,高畑,恵子
2021/05/04,再点,高畑,恵子
2021/05/05,再点,高畑,恵子




