"氏名","氏名（ひらがな）","年齢","生年月日","性別","血液型","メールアドレス","電話番号","携帯電話番号","郵便番号","住所","会社名","クレジットカード","有効期限","マイナンバー"
"佐伯 舞子","さえき まいこ",24,"1998年09月22日","女","AB","maiko_saeki@example.org","03-1859-9184","080-6951-3362","180-7442","東京都足立区西伊興1-1-5","株式会社日栄","5232152380457596","01/25","632022160156"
"菅原 健志","すがわら けんじ",48,"1974年03月22日","男","A","sugawara322@example.com","0889-21-9457","080-5524-0148","785-4410","高知県吾川郡いの町天王南3-3-7","株式会社H＆M","4640052985831451","01/28","372153379054"
"平岡 咲子","ひらおか さきこ",29,"1993年12月15日","女","A","hiraokasakiko@example.net","03-5913-4118","080-9991-4644","106-6275","東京都渋谷区広尾4-3-4","株式会社アルプス","4914244191456749","10/25","032062067143"
"林 一生","はやし いっしょう",65,"1957年05月01日","男","A","hayashi_isshou@example.org","0572-06-8675","080-1369-9826","508-2880","岐阜県多治見市明和町3-1-5","","5407881068068288","07/24","171207059853"
"畔柳 英一","くろやなぎ えいいち",78,"1944年03月26日","男","O","kuroyanagi326@example.jp","06-2681-5475","090-5202-5579","574-2268","大阪府八尾市八尾木北1-2-8","","373024939662812","08/24","123985840380"
"田村 広和","たむら ひろかず",25,"1997年12月11日","男","O","tamura1211@example.com","03-6382-2753","090-2130-4950","116-6804","東京都杉並区善福寺1-1-13","株式会社メルシー","5371160901514267","05/23","954173433798"
"宮下 雅夫","みやした まさお",22,"2000年12月15日","男","A","miyashita_1215@example.net","03-2762-0057","090-4432-7554","206-8669","東京都中央区銀座3-3-1001","株式会社K＆S","3556933068883960","12/25","827847189667"
"内田 隆","うちだ たかし",55,"1967年01月16日","男","O","uchida_takashi@example.com","03-2995-9375","070-9206-9580","155-0002","東京都江東区豊洲3-3-8","株式会社三晃","377156957477263","01/27","885622120978"
"鈴木 大介","すずき だいすけ",32,"1990年12月26日","男","A","daisukesuzuki@example.com","0465-06-5232","090-3967-3565","259-0279","神奈川県川崎市川崎区鋼管通1-2-19","東洋商事株式会社","4934464830600020","02/23","999458918993"
"橋本 直也","はしもと なおや",48,"1974年09月10日","男","A","hashimoto_910@example.jp","06-5589-0366","090-4163-2832","565-4144","大阪府大阪市此花区西九条1-2-10","株式会社マックス","3568922964991510","07/23","509897387000"
"関口 正浩","せきぐち まさひろ",26,"1996年05月16日","男","AB","masahirosekiguchi@example.ne.jp","03-2945-5268","090-7735-7805","209-6910","東京都港区高輪1-1-17","有限会社イシダ","3539457572356513","10/26","003414717070"
"高木 唯","たかぎ ゆい",34,"1988年09月14日","女","O","yuitakagi@example.co.jp","079-396-2897","090-4064-2475","672-5191","兵庫県三田市ゆりのき台2-3-9ビプレイス613","有限会社近藤工業","377979896950326","07/24","951754698769"
"下田 直樹","しもだ なおき",26,"1996年12月06日","男","A","naoki_shimoda@example.jp","046-628-9742","070-1158-2113","232-2626","神奈川県横浜市南区大岡1-2-1202","","371525487401561","04/23","645063745970"
"森田 明俊","もりた あきとし",76,"1946年12月20日","男","B","morita_akitoshi@example.ne.jp","03-8173-8633","090-2802-0955","104-5554","東京都練馬区練馬3-2-5","","4333184741157970","01/25","441399854101"
"村松 由美","むらまつ ゆみ",34,"1988年10月06日","女","A","muramatsu_yumi@example.com","03-9187-0998","090-8399-1623","154-7247","東京都立川市柏町3-2-10","株式会社フラット","3539000202484808","05/25","456100702979"
"吉水 典子","よしみず のりこ",64,"1958年02月19日","女","AB","noriko_yoshimizu@example.co.jp","03-9658-0987","050-5721-2517","115-7892","東京都杉並区荻窪2-4-501","","4503509960249351","06/27","540252625849"
"加古 啓史","かこ ひろふみ",78,"1945年01月09日","男","A","kako_hirofumi@example.com","0749-21-7767","050-6642-8052","520-5869","滋賀県大津市中央4-1-4","","5321896216683724","07/26","920885551736"
"中山 真由美","なかやま まゆみ",39,"1983年04月08日","女","B","mayuminakayama@example.net","0829-58-6698","090-1055-8948","722-2543","広島県広島市西区高須1-4-403","有限会社藤工業","5590543586177374","01/26","366318607499"
"野田 秀幸","のだ ひでゆき",77,"1945年08月21日","男","O","hideyukinoda@example.net","03-3287-1111","090-2590-7498","144-0516","東京都港区虎ノ門3-4-4","","3578552752558482","02/24","144183103255"
"尾関 晴代","おぜき はるよ",26,"1996年04月21日","女","B","ozeki_421@example.net","0480-90-4112","090-9132-8637","369-9438","埼玉県さいたま市岩槻区府内1-2-9","株式会社フジタ","3549285344348502","02/26","975086198704"
"竹内 悟史","たけうち さとし",62,"1960年10月13日","その他・不明","A","satoshitakeuchi@example.jp","0948-84-8723","070-4054-3158","832-7147","福岡県福岡市博多区住吉1-2-15レオ111","","3550060353952486","02/23","860249890129"
"内山 和人","うちやま かずと",32,"1990年11月01日","男","B","uchiyama_kazuto@example.co.jp","06-5067-5177","090-6280-9127","545-5680","大阪府大阪市福島区福島1-3-1206","株式会社ビジネスサポート","377908681372933","10/24","791958319727"
"鈴木 純子","すずき じゅんこ",34,"1988年04月30日","女","O","suzuki_junko@example.jp","06-7531-6376","050-5322-9821","579-9835","大阪府大阪市中央区南船場1-1-908センチュリーマンション504","株式会社佐藤商店","5385493197349500","08/26","955736342740"
"清水 佳代子","しみず かよこ",70,"1952年06月29日","女","A","shimizu_kayoko@example.co.jp","0463-40-1695","090-0515-4777","228-6473","神奈川県川崎市麻生区白山2-4-13","","5380653286038679","01/25","998665987010"
"尾崎 幸子","おざき さちこ",34,"1988年05月29日","女","O","ozaki_sachiko@example.com","0475-25-7163","070-2748-6170","282-1388","千葉県柏市あけぼの2-2-6","株式会社ヤマショウ","3552986644429447","10/27","631572902536"
"赤塚 友則","あかつか とものり",39,"1983年10月12日","男","B","tomonoriakatsuka@example.jp","04-0910-9403","070-8079-5864","368-4093","埼玉県川越市砂新田4-3-6","株式会社トーカイ","4332856580590905","11/23","979773949472"
"村上 智史","むらかみ さとし",34,"1988年07月04日","男","B","murakami_satoshi@example.jp","03-4040-6679","080-4729-9902","107-5274","東京都大田区中央2-5-20","共栄建設株式会社","5190551446323900","12/25","294685035174"
"高田 正規","たかだ まさき",78,"1944年02月16日","男","O","takada_masaki@example.ne.jp","03-8879-2684","080-8481-8942","164-8468","東京都墨田区立川4-1-9ウォームスヴィル703","","5392249492894694","07/24","406497476786"
"今井 剛生","いまい たかお",67,"1955年12月06日","男","AB","takao_imai@example.net","03-2247-1593","050-5400-0716","185-0098","東京都豊島区東池袋3-5-3","","373066705099414","02/23","950982701056"
"中澤 秀人","なかざわ ひでひと",29,"1993年11月03日","男","B","nakazawa_hidehito@example.net","046-093-3056","090-9061-6369","220-7712","神奈川県横浜市中区太田町1-5-8ジョイフル108","株式会社マルタカ","4465603820015031","10/23","591525667420"
"杉山 真吾","すぎやま しんご",47,"1975年11月26日","男","A","shingo_sugiyama@example.jp","0797-70-8335","050-1196-4836","677-1458","兵庫県神戸市東灘区住吉宮町1-5-408パレロワイヤル606","株式会社クリエイション","3545762112052718","12/25","266104670733"
"小野田 桜子","おのだ さくらこ",47,"1975年08月20日","女","AB","sakurakoonoda@example.co.jp","03-8183-2588","080-2519-2647","166-4368","東京都豊島区目白1-1-4","有限会社グリーン","4092187731213696","01/27","719776460553"
"柴田 由里子","しばた ゆりこ",52,"1970年07月07日","女","O","shibata77@example.jp","03-8524-6964","050-4363-1511","128-3179","東京都文京区本郷3-1-5","有限会社マルタカ","3574530712275532","08/27","273890963672"
"内藤 晴也","ないとう はるや",50,"1972年03月05日","男","AB","naito_35@example.com","0274-87-7633","070-3021-5835","374-4752","群馬県高崎市問屋町1-4-301","有限会社マエダ","371472405790009","04/26","745248851185"
"石田 恒","いしだ ひさし",37,"1985年06月04日","その他・不明","A","ishida_hisashi@example.ne.jp","03-0943-8333","080-0539-6480","103-4508","東京都町田市木曽西2-2-1006アメニティ616","株式会社ミューズ","5249815323899980","01/28","425215187196"
"片田 智子","かただ ともこ",53,"1969年03月30日","女","B","katada330@example.co.jp","06-2771-4261","070-4288-4691","557-4200","大阪府大阪市中央区平野町3-3-3シティテラス212","株式会社シーク","377987320510269","03/24","288762835340"
"千葉 隼人","ちば はやと",61,"1961年04月29日","男","O","chiba_429@example.co.jp","03-0528-7722","080-0673-5458","155-1529","東京都中野区東中野4-3-10","","3539354326091563","02/24","116892840120"
"天笠 徹","あまがさ とおる",59,"1963年07月12日","男","A","amagasatooru@example.jp","03-1338-2588","050-6209-7368","178-5962","東京都町田市玉川学園1-2-8","株式会社キクチ","5346788008112718","02/25","317172604025"
"野尻 幸恵","のじり ゆきえ",56,"1966年11月10日","女","AB","nojiri_1110@example.ne.jp","03-8530-1216","070-3111-3336","174-8122","東京都港区西麻布2-2-7","株式会社フルハウス","374276100103013","03/23","951812451914"
"三好 直樹","みよし なおき",73,"1949年07月23日","男","O","miyoshi_723@example.jp","0167-73-3823","080-2788-8473","065-7453","北海道旭川市豊岡七条1-4-14","","3550467015896458","09/27","253950976042"
"吉川 暁","よしかわ あき",69,"1953年07月05日","男","A","aki_yoshikawa@example.com","03-2603-2401","090-9250-4522","175-2355","東京都大田区大森東3-1-8","","5415180409036124","05/23","326447472603"
"安藤 美千代","あんどう みちよ",53,"1969年10月23日","女","A","andou_michiyo@example.co.jp","03-0881-9482","070-0953-5690","153-8011","東京都昭島市緑町2-2-8","有限会社アスカ","3547442706442041","12/23","688336784117"
"成川 健","なりかわ けん",31,"1991年06月25日","男","O","narikawa625@example.com","03-8350-1559","090-4244-6021","167-0573","東京都港区南青山2-4-707","有限会社オザワ","374025907831940","05/23","325941375622"
"坂本 司","さかもと つかさ",62,"1960年08月10日","男","B","sakamoto_810@example.org","03-9091-4829","050-2917-2449","172-0339","東京都港区三田2-4-1101","","373509357289551","11/27","522335870154"
"沼倉 貴彦","ぬまくら たかひこ",48,"1974年11月23日","男","B","takahiko_numakura@example.net","0480-86-3979","050-7821-3391","344-9100","埼玉県さいたま市大宮区桜木町2-2-16","","3587435015038485","05/27","420233831238"
"矢口 悟","やぐち さとる",76,"1946年09月21日","その他・不明","O","satoruyaguchi@example.com","0848-29-6783","090-0836-9213","733-6768","広島県福山市東深津町4-1-4コンドミニアム409","","4468028659208803","02/24","455957381216"
"山本 紀恵","やまもと のりえ",77,"1945年12月29日","女","A","norieyamamoto@example.org","0798-58-8947","050-7590-8603","654-8331","兵庫県姫路市広畑区正門通2-3-8","","4801668216446879","10/27","962629808007"
"関口 光枝","せきぐち みつえ",73,"1949年03月25日","女","AB","sekiguchi_325@example.co.jp","0968-01-8269","080-3168-8554","863-0256","熊本県熊本市中央区帯山1-3-806","","379373757994151","01/28","751531587176"
"龍田 ひろみ","たつた ひろみ",43,"1979年07月04日","女","A","tatsuta74@example.org","03-7951-3628","070-2241-1082","163-2738","東京都板橋区赤塚1-3-16","株式会社コムテック","4366848031591938","08/26","617786872810"
"杉山 博之","すぎやま ひろゆき",49,"1973年05月22日","男","A","sugiyama_522@example.net","0943-14-4504","090-1339-3691","800-8992","福岡県福岡市博多区博多駅前3-3-8","有限会社鈴木商店","4942204466489508","11/27","909758021619"
"中川 早苗","なかがわ さなえ",69,"1953年12月29日","女","A","nakagawa_sanae@example.jp","047-161-7317","050-6573-8728","267-7330","千葉県市原市惣社2-2-10グランスイート211","","375616290612522","05/27","848120329730"
"石橋 隆夫","いしばし たかお",65,"1958年01月06日","男","B","ishibashitakao@example.ne.jp","03-5898-4260","090-8961-3955","131-9224","東京都杉並区浜田山1-2-208","","4851148972498413","01/24","681067941079"
"松本 拓人","まつもと たくと",58,"1964年01月17日","男","O","takutomatsumoto@example.net","06-1921-4054","090-9414-1875","569-6050","大阪府吹田市原町3-2-7","株式会社ノーブル","4123767297302588","09/26","748864873299"
"渡辺 奈都子","わたなべ なつこ",46,"1976年12月26日","女","A","watanabenatsuko@example.co.jp","03-1489-5183","080-4211-3790","154-4028","東京都台東区東上野1-1-18","有限会社ブレイン","5253950153528665","06/26","364659735263"
"高橋 朋和","たかはし ともかず",23,"1999年01月21日","男","A","takahashi121@example.jp","0229-59-2298","070-3528-7107","986-3075","宮城県仙台市宮城野区榴岡2-3-807サンクレイドル102","有限会社橋本","372829139848750","05/27","530306070648"
"酒井 進吾","さかい しんご",21,"2001年08月08日","男","B","sakai_88@example.jp","0467-90-5786","080-9898-9426","210-8808","神奈川県大和市中央1-3-11ベルアーバニティ803","有限会社アスト","5288144814904387","12/24","732897200830"
"星野 竜也","ほしの たつや",20,"2002年09月09日","男","A","hoshino99@example.net","03-9009-5137","050-3921-8565","140-6822","東京都港区芝浦2-5-5","株式会社暁","4723525459815076","12/24","132186190894"
"生田 亮太","いくた りょうた",22,"2000年04月28日","男","B","ikuta428@example.co.jp","073-994-5289","070-4513-5937","644-8467","和歌山県和歌山市太田1-3-13アウレリア115","有限会社コスモテック","4716314260146230","04/25","852695201520"
"石渡 祐子","いしわた ゆうこ",63,"1959年03月03日","女","A","ishiwata_yuuko@example.com","03-2413-3548","050-5863-2342","182-0529","東京都東大和市向原3-5-5","","3547222409858010","12/24","454192600457"
"柳井 博子","やない ひろこ",21,"2001年09月21日","女","B","yanai_921@example.co.jp","011-151-9986","050-1060-7440","004-0195","北海道釧路市栄町3-5-17","株式会社大勝","3554548795630799","03/25","679366645392"
"鈴木 憂","すずき ゆう",39,"1983年05月20日","女","A","suzuki_yuu@example.com","047-471-8427","050-7189-6331","271-3499","千葉県市川市大野町2-1-8","有限会社伊勢屋","3534620897181123","11/25","569041159840"
"夏目 仁","なつめ ひとし",79,"1943年04月01日","男","A","hitoshi_natsume@example.net","03-7604-9433","080-8715-3804","137-6502","東京都文京区小石川1-2-3","","4581494960128837","09/24","321501799298"
"秋元 明","あきもと あきら",64,"1958年03月21日","男","A","akiraakimoto@example.co.jp","06-0373-9811","090-8904-5226","559-8746","大阪府大阪市旭区清水2-3-3","","5285430248206587","11/26","260475543221"
"井上 裕子","いのうえ ゆうこ",47,"1975年09月19日","女","A","inoue_919@example.co.jp","03-1099-5550","080-0949-8143","185-5035","東京都足立区鹿浜2-4-405パレスエクセル108","株式会社オーキッド","3545755187542498","12/23","047647931290"
"下井 祐次","しもい ゆうじ",44,"1978年05月18日","男","O","shimoi_yuuji@example.com","06-4183-6739","050-8279-5204","563-8032","大阪府豊中市中桜塚2-4-10","株式会社トータル","375284496435857","10/23","403351119940"
"内堀 忠彦","うちぼり ただひこ",67,"1955年09月19日","男","A","uchibori919@example.org","03-4686-1929","050-1600-0709","188-5889","東京都中央区銀座3-3-1208","","3570456281246643","05/24","075872127160"
"成井 貴美","なるい たかみ",67,"1955年11月13日","女","O","narui1113@example.co.jp","03-3458-1661","080-8988-7581","168-8931","東京都足立区中川1-4-17ニチモグリーンタウン512","","371104828553496","09/25","714735379120"
"高嶋 達彦","たかしま たつひこ",20,"2002年10月23日","男","B","tatsuhikotakashima@example.org","03-3403-5314","080-3114-5882","115-2757","東京都目黒区目黒2-1-4","株式会社AMS","4100202381395287","04/26","080526919665"
"須田 直人","すだ なおと",61,"1961年12月12日","男","B","suda_naoto@example.com","06-7481-1331","080-4240-4557","583-2039","大阪府大阪市生野区桃谷4-1-7","","5215582314652592","11/26","230774320275"
"渡辺 こう","わたなべ こう",57,"1965年12月28日","女","A","watanabe1228@example.org","03-8781-0838","080-2057-1055","129-3863","東京都品川区東五反田3-4-404","株式会社パル","370108480312019","08/23","122250449311"
"渡邊 徹","わたなべ とおる",26,"1996年05月27日","男","A","watanabe527@example.net","0798-88-0486","090-3766-7483","673-4236","兵庫県神戸市中央区山本通3-3-10レスタージュ104","株式会社木村工業","371650610757141","08/27","650682617734"
"山根 孝尚","やまね たかなお",64,"1958年07月07日","男","O","yamane_takanao@example.ne.jp","03-3337-6146","050-3277-7538","120-4931","東京都墨田区江東橋3-3-4","","5123999089606226","04/25","747716461198"
"鈴木 和之","すずき かずゆき",45,"1977年07月09日","男","A","suzuki79@example.net","0257-45-3196","090-7075-9646","947-6074","新潟県新潟市北区嘉山3-1-6","株式会社M＆M","378244549150066","04/26","078587906642"
"森 彩","もり あや",23,"1999年12月04日","女","O","mori124@example.com","03-3384-1820","080-6078-2687","131-4560","東京都西東京市向台町2-2-5","株式会社クラフト","5531889194419357","02/23","600153608307"
"岩崎 正基","いわさき まさき",52,"1970年09月26日","男","AB","masakiiwasaki@example.co.jp","03-4994-8809","090-5885-2361","195-0320","東京都豊島区西池袋3-2-6","株式会社サンライト","373485938514124","02/25","829221901147"
"宮武 雅子","みやたけ まさこ",62,"1960年07月18日","女","O","miyatake_masako@example.jp","03-2114-0965","090-1088-2593","133-7776","東京都町田市忠生2-3-4","","5457759261216822","09/23","316628088079"
"山岡 奈津子","やまおか なつこ",59,"1963年05月06日","その他・不明","O","yamaoka56@example.org","0563-35-5237","070-4275-6218","487-5935","愛知県名古屋市中区千代田3-1-9","株式会社青山","3587950989734125","04/23","908927788090"
"岡 諭","おか さとし",33,"1989年02月10日","その他・不明","O","okasatoshi@example.ne.jp","0493-88-3065","050-2764-1658","346-2404","埼玉県戸田市笹目2-1-806セントラルハイツ801","有限会社伸栄","4670997410908071","03/27","108537400477"
"中嶋 美晴","なかじま みはる",46,"1976年09月29日","男","A","miharunakajima@example.org","03-1350-8155","050-4667-0722","126-9657","東京都渋谷区恵比寿3-2-8","株式会社山本工業","5461160125483209","10/24","568533702550"
"草間 利佳","くさま りか",39,"1983年12月21日","女","B","kusamarika@example.ne.jp","03-6575-9455","080-9786-1079","126-3298","東京都板橋区赤塚2-2-1204","株式会社池田屋","4429070641372451","01/24","894912899510"
"山形 潤","やまがた じゆん",51,"1971年05月18日","男","O","yamagatajiyun@example.com","0495-44-9007","050-4104-0624","331-0998","埼玉県さいたま市北区宮原町3-1-9セイワパレス413","株式会社アライズ","370244738906557","07/23","434663479911"
"後藤 順一","ごとう じゅんいち",41,"1981年07月15日","男","A","goto_junichi@example.net","0223-43-5419","080-2351-4556","985-4802","宮城県仙台市泉区南光台2-5-12","有限会社協和工業","4408092066964708","06/24","503527578703"
"小野寺 ありさ","おのでら ありさ",46,"1976年07月27日","女","O","arisa_onodera@example.net","0466-12-4258","050-1273-9752","239-0493","神奈川県横浜市中区長者町1-2-4","有限会社つばさ","4693841702375370","01/26","354695859135"
"佐藤 浩志","さとう こうじ",55,"1967年12月27日","男","O","sato_1227@example.org","0494-48-6458","070-4202-4794","356-8120","埼玉県朝霞市宮戸1-2-3グレーシアス101","有限会社清水商事","4653458273148314","12/24","439980096477"
"山野 毅","やまの たかし",73,"1949年02月16日","男","A","yamano_216@example.co.jp","0794-75-3405","080-2995-0342","654-6644","兵庫県神戸市灘区下河原通3-5-11","","378547002669400","12/24","649701787877"
"原田 勝","はらだ まさる",31,"1991年05月05日","その他・不明","A","harada_55@example.net","03-9312-3287","080-8602-9787","189-5138","東京都文京区千石1-3-13","株式会社大雄","4944703299998849","05/26","817331027479"
"佐々木 正明","ささき まさあき",26,"1996年10月21日","男","A","masaaki_sasaki@example.ne.jp","0467-33-7573","080-8495-0393","220-0006","神奈川県茅ヶ崎市東海岸南3-2-4","有限会社田中工務店","5182568480722110","11/25","024921511791"
"上田 祐樹","うえだ ゆうき",45,"1977年09月11日","男","A","ueda_yuuki@example.co.jp","03-3781-2346","080-3270-0175","171-4499","東京都台東区千束1-5-14プレサンスロジェ209","株式会社彩","3572676286069439","06/27","606241624361"
"小杉 史郎","こすぎ しろう",32,"1990年01月15日","男","O","kosugi_115@example.com","09969-0-3166","090-6400-0404","894-0958","鹿児島県鹿屋市寿2-1-508","有限会社アイコーポレーション","376431134198244","09/23","848882919489"
"中村 勇介","なかむら ゆうすけ",31,"1991年11月09日","男","O","yuusukenakamura@example.com","03-7083-3179","090-1240-3662","102-7346","東京都渋谷区恵比寿2-1-13","有限会社伊藤商事","375621699334652","11/26","820913938671"
"川上 桃子","かわかみ ももこ",27,"1995年02月06日","女","A","momokokawakami@example.co.jp","0172-39-5474","080-0405-6942","032-6012","青森県弘前市大字松原東3-2-11","株式会社ウィズ","3561751406192578","12/27","531257131675"
"栗城 はるか","くりき はるか",21,"2001年03月25日","女","O","kuriki_haruka@example.ne.jp","0799-49-3780","080-1918-9284","665-3249","兵庫県西宮市西宮浜2-4-14チュリス406","株式会社サニー","377933514348009","11/24","509796271248"
"吉田 昇吾","よしだ しょうご",41,"1981年04月01日","男","B","yoshidashougo@example.ne.jp","0791-27-6012","050-6262-5394","673-4636","兵庫県神戸市長田区若松町2-2-4","有限会社オカダ","4293353227399582","06/24","867797809300"
"相山 明","あいやま あきら",50,"1972年08月19日","男","O","aiyama_819@example.org","03-4153-3063","070-9463-7452","154-6644","東京都大田区池上4-2-5","","373761945773089","08/26","709421631963"
"久保田 美都","くぼた みさと",27,"1995年09月04日","女","O","kubota_misato@example.ne.jp","03-2867-3700","070-7602-1535","209-5308","東京都台東区蔵前2-2-4","株式会社JAM","5257311893646497","04/26","496888061253"
"山口 健太","やまぐち けんた",43,"1979年05月09日","男","A","yamaguchi_59@example.com","03-6551-1055","090-9342-6219","146-0237","東京都台東区浅草橋3-1-6","","4057757425519849","11/24","523649983669"
"山本 喬","やまもと たかし",31,"1991年07月05日","男","A","yamamoto_75@example.co.jp","0139-67-6190","080-9077-3684","084-1976","北海道旭川市二条西3-2-8フリックコート215","株式会社イデアル","3554044143321208","06/27","318025782186"
"藤塚 晴子","ふじつか はるこ",28,"1994年07月19日","女","A","harukofujitsuka@example.co.jp","0966-54-0857","090-1980-1094","861-9488","熊本県熊本市中央区出水4-1-6","株式会社司","4965869790221835","07/24","414459598919"
"五十嵐 隆志","いがらし たかし",69,"1953年10月30日","男","A","takashi_igarashi@example.net","03-3741-1873","070-6385-3294","175-4184","東京都港区南青山4-1-7クオリス615","","3580068549668878","10/25","424965505339"
"小松 雄己","こまつ ゆうき",80,"1942年03月03日","男","O","komatsuyuuki@example.net","03-2048-4264","070-4113-9399","155-1042","東京都港区虎ノ門1-2-5","","377750594987138","06/25","037671638850"
"高橋 容子","たかはし ひろこ",73,"1949年05月21日","女","O","takahashi_521@example.jp","0865-78-6033","070-8078-1761","704-9149","岡山県岡山市北区青江2-3-11","","5225590744294271","01/26","354050732092"
"長谷川 みずほ","はせがわ みずほ",53,"1969年10月31日","女","B","hasegawamizuho@example.org","06-1728-5851","080-7469-8451","551-4013","大阪府大阪市浪速区桜川2-2-5","高橋商事株式会社","4882947002828314","11/25","067614097385"
"新藤 麻那","しんどう まな",76,"1946年12月28日","女","AB","manashindou@example.co.jp","03-6655-8916","050-4205-0602","104-4702","東京都世田谷区成城1-2-109","","4787974329376666","02/23","900815357699"
"黒田 有希子","くろだ ゆきこ",21,"2001年12月16日","女","A","kuroda1216@example.com","06-2821-2501","070-6531-0805","541-1577","大阪府大阪市淀川区宮原3-4-17","有限会社インパクト","3534647017842052","11/26","102533419213"
"岡田 洋介","おかだ ようすけ",26,"1996年08月24日","男","B","okadayousuke@example.co.jp","03-3301-9230","070-0056-8988","187-7897","東京都杉並区浜田山3-4-14","株式会社アクセル","370579603409207","07/27","818027911512"
"小林 ユキ","こばやし ゆき",35,"1987年02月15日","女","O","yukikobayashi@example.net","03-1183-1720","050-8503-3473","115-8642","東京都葛飾区南水元2-2-14","株式会社プロフィット","375053436894238","07/25","835177855841"
"中尾 友和","なかお ともかず",74,"1948年11月17日","男","O","tomokazu_nakao@example.net","0569-29-2495","050-6503-9625","459-4969","愛知県名古屋市名東区引山2-4-7","","3557631272218366","11/24","316337181500"
"加藤 裕子","かとう ゆうこ",79,"1943年12月25日","女","A","kato_yuuko@example.jp","0895-02-7849","080-6484-7820","795-7329","愛媛県新居浜市北内町3-2-4","","4387424733972704","10/24","462731697560"
"平澤 真実","ひらさわ まみ",71,"1951年01月22日","女","B","hirasawa_122@example.jp","09969-2-4280","090-6226-5360","896-9269","鹿児島県鹿児島市西陵3-3-3","","4202514348274646","12/23","079954316640"
"木全 久子","きまた ひさこ",63,"1959年07月05日","その他・不明","O","hisako_kimata@example.org","0254-17-3492","050-5127-8124","952-6847","新潟県三条市本町1-2-5","","5488542253523816","10/26","094524557856"
"山本 多加子","やまもと たかこ",52,"1970年02月23日","女","O","takakoyamamoto@example.ne.jp","0163-56-9243","080-6425-2517","079-1747","北海道恵庭市島松旭町2-1-9","有限会社渡辺工務店","4690334112010731","05/27","652582035048"
"吉川 麻友","よしかわ まゆ",63,"1959年09月24日","女","B","yoshikawa_mayu@example.jp","03-2009-8012","070-0076-0176","186-7177","東京都台東区浅草橋2-2-4","","374198157460502","12/23","907174902297"
"野沢 佑里恵","のざわ ゆりえ",45,"1977年12月24日","女","B","nozawa_yurie@example.co.jp","0465-94-2867","090-2765-7482","246-3573","神奈川県川崎市多摩区長尾3-2-8","株式会社アルゴ","3567682835352174","03/26","282505826057"
"星 理香","ほし りか",75,"1947年04月05日","女","AB","hoshi_rika@example.ne.jp","03-2517-6567","080-0165-0732","158-6510","東京都日野市東豊田3-5-302","","3582399687414256","09/27","102602613515"
"若田 優一","わかた ゆういち",39,"1983年02月22日","男","B","yuuichi_wakata@example.com","047-771-0041","090-5017-1106","288-8237","千葉県浦安市猫実3-1-7","有限会社旭","371853872255453","11/26","680684743350"
"勝部 啓吾","かつべ けいご",56,"1966年08月04日","男","O","keigo_katsube@example.co.jp","03-1559-9598","090-9964-8910","128-4531","東京都新宿区新宿3-1-6","有限会社エムアンドエム","373095669045410","03/26","383753742766"
"辻 千恵子","つじ ちえこ",42,"1980年09月18日","女","O","tsujichieko@example.net","03-7669-2706","090-6434-5084","155-9963","東京都練馬区関町北2-2-15","有限会社つるや","4222165140902953","07/27","432787713081"
"久末 伸彦","ひさすえ のぶひこ",67,"1955年12月19日","男","AB","nobuhikohisasue@example.org","03-0519-4080","080-1468-6534","105-4115","東京都世田谷区下馬2-4-9","","4501617032118249","03/23","221033415520"
"鋤柄 勝博","すきがら かつひろ",48,"1974年10月17日","男","A","sukigara_katsuhiro@example.org","06-1894-2418","080-7351-6742","582-8932","大阪府大阪市東淀川区淡路2-3-8","有限会社正和","3544034106907534","04/26","200157169725"
"古田 恭子","ふるた きょうこ",50,"1972年08月06日","女","A","furuta86@example.jp","0531-56-4162","070-5101-9709","474-3724","愛知県名古屋市名東区勢子坊3-5-3","","4714629497795828","11/26","788740690317"
"西川 友里","にしかわ ゆり",58,"1964年11月08日","女","AB","yuri_nishikawa@example.co.jp","03-0148-7733","050-6882-5115","206-4715","東京都港区白金台1-3-7","株式会社鈴木工業","3570969425933199","09/26","307705678306"
"徳川 泉美","とくがわ いずみ",34,"1988年10月08日","女","A","izumi_tokugawa@example.jp","06-5986-3953","080-7755-2153","551-6756","大阪府大阪市淀川区宮原2-3-18","三栄工業株式会社","377411427061811","09/27","810851142012"
"宮林 義高","みやばやし よしたか",36,"1986年10月05日","男","A","yoshitaka_miyabayashi@example.co.jp","03-6187-8883","050-7045-7407","170-9114","東京都世田谷区太子堂2-2-707クレアシティ105","有限会社みらい","3576072239990135","06/25","160865515267"
"渡辺 貴子","わたなべ たかこ",43,"1979年09月20日","女","A","watanabe_takako@example.org","0982-34-0276","090-7413-6455","886-3156","宮崎県日向市江良町3-2-6","株式会社JAM","4708537642935397","05/27","130715576636"
"遠藤 哲矢","えんどう てつや",79,"1943年08月28日","男","B","tetsuya_endou@example.co.jp","03-8996-8773","080-3618-4624","196-3841","東京都府中市住吉町3-4-405","","372423940392925","10/24","403396176626"
"清水 慎介","しみず しんすけ",35,"1987年12月27日","男","O","shimizu1227@example.org","03-7840-7964","050-9782-8829","125-0065","東京都墨田区亀沢3-2-9","リンクス株式会社","4724710810694480","01/26","344997705620"
"山本 恭子","やまもと きょうこ",54,"1968年10月10日","女","B","yamamoto_kyouko@example.co.jp","03-4626-5309","080-9056-8605","142-5642","東京都杉並区浜田山1-1-4","有限会社トミー","3579252744558794","09/23","316072802893"
"星野 昇","ほしの のぼる",59,"1963年02月24日","男","O","noboruhoshino@example.co.jp","0948-89-6847","070-3899-4500","805-8875","福岡県福岡市博多区博多駅前3-3-14ラジュール804","株式会社大和建設","4166661484501458","02/26","209513803423"
"村上 章雄","むらかみ あきお",63,"1959年08月28日","男","B","akiomurakami@example.net","0566-08-8072","070-8051-5167","457-3674","愛知県名古屋市昭和区桜山町3-2-19","","3540276065335710","03/24","347720341786"
"曽我部 信一","そがべ しんいち",29,"1993年10月10日","男","A","shinichisogabe@example.ne.jp","0463-76-3716","070-2660-4235","252-9005","神奈川県海老名市国分南4-2-4","第一商事株式会社","4969422222016377","03/23","790651272980"
"石田 健輔","いしだ けんすけ",77,"1945年11月29日","男","A","kensukeishida@example.co.jp","03-4600-6566","090-9133-0322","182-1665","東京都江東区東砂3-3-16エミネンス711","","3586345764611054","06/27","852634022054"
"大友 泰嗣","おおとも やすし",47,"1975年05月22日","男","A","otomoyasushi@example.ne.jp","03-1625-1419","090-8936-4318","109-6913","東京都町田市つくし野3-3-8","","3539873402865764","02/23","066643873827"
"大川 秀樹","おおかわ ひでき",76,"1946年12月24日","男","O","hideki_okawa@example.co.jp","03-0781-5792","070-7150-6225","144-5026","東京都江戸川区臨海町1-3-17","","5527879524796018","12/27","144579503345"
"浅原 覚","あさはら さとる",55,"1967年09月22日","男","AB","asaharasatoru@example.com","06-7795-6355","050-8224-2199","594-9698","大阪府大阪市淀川区西中島2-4-1104ウェリス504","有限会社あすか","3562950366177905","04/26","618180057505"
"石川 宏哉","いしかわ ひろや",80,"1942年07月05日","男","A","ishikawa_hiroya@example.com","0463-05-8846","090-9347-1149","216-6610","神奈川県藤沢市鵠沼桜が岡1-4-1203","","372540811761159","06/26","536435877785"
"澤木 祐一","さわき ゆういち",49,"1973年04月11日","男","O","sawaki_411@example.jp","06-9338-6232","090-6314-1989","556-6945","大阪府大阪市旭区高殿3-1-17","","5447475796139024","02/26","392569665618"
"桂 和之","かつら かずゆき",59,"1963年04月22日","男","O","katsura_kazuyuki@example.jp","01654-6-2713","090-1040-8424","074-3048","北海道根室市昭和町2-2-6","","374040734124716","03/24","885383398357"
"宮越 亜希","みやこし あき",76,"1946年07月23日","女","O","miyakoshi_723@example.com","03-9786-1562","050-2889-6090","189-1008","東京都台東区浅草橋2-2-11","","3536486846873139","11/24","503151289381"
"伊東 美帆子","いとう みほこ",23,"1999年06月21日","女","O","ito_621@example.ne.jp","03-7088-7254","050-5552-8133","139-1559","東京都台東区池之端1-4-403","有限会社サザンクロス","372667239526318","12/26","097760042955"
"平良 修","たいら おさむ",46,"1976年03月13日","男","B","taira313@example.net","0993-63-6548","090-0273-1198","895-4672","鹿児島県鹿児島市西伊敷3-5-403","有限会社斉藤製作所","4868539590860201","03/24","702783722539"
"前田 亜紀","まえだ あき",21,"2001年10月24日","女","O","maedaaki@example.com","078-646-0491","070-9214-0263","659-0492","兵庫県神戸市灘区岸地通2-3-18","有限会社三宝","4235840740993587","10/26","542751328076"
"井上 雅也","いのうえ まさや",24,"1998年08月24日","男","A","inoue_824@example.net","03-1247-4518","050-2417-0735","127-2150","東京都渋谷区恵比寿1-3-17","株式会社光和","3575241609532154","05/23","263488108841"
"俣野 真知子","またの まちこ",60,"1962年11月28日","女","B","matano1128@example.ne.jp","06-5461-6875","070-7814-2989","580-3161","大阪府大阪市北区西天満2-3-1003","","377892242277155","05/23","204404917921"
"清水 裕子","しみず ゆうこ",32,"1990年09月12日","女","AB","shimizu912@example.ne.jp","03-9165-0316","050-1742-9419","174-9123","東京都品川区南品川2-3-10","有限会社ビクトリー","4084801019979410","09/23","962313348071"
"安藤 恵一","あんどう けいいち",50,"1972年01月26日","男","AB","keiichi_andou@example.jp","06-6696-0281","050-3460-0468","550-3376","大阪府東大阪市吉田2-1-9パークホームズ113","株式会社大翔","3532448404050306","10/23","465390772060"
"金子 敦史","かねこ あつし",50,"1972年04月03日","男","A","kaneko43@example.net","0220-76-4379","070-9466-7145","981-6572","宮城県仙台市青葉区一番町1-3-10","株式会社高橋建設","375551391062915","08/27","527754575210"
"佐々木 由美","ささき ゆみ",56,"1966年02月24日","女","A","sasaki_yumi@example.com","03-6988-4860","070-1888-0288","147-1904","東京都葛飾区堀切2-1-10モンセーヌ510","","5459687948237994","06/25","562336451327"
"岡崎 二郎","おかざき じろう",62,"1960年06月06日","男","O","jirouokazaki@example.co.jp","03-5221-3604","070-6707-5122","164-3818","東京都練馬区大泉学園町1-3-10","","5475704889536845","02/26","269454055402"
"大塚 晃宏","おおつか あきひろ",49,"1973年09月11日","男","O","akihiro_otsuka@example.org","03-6383-3437","080-6321-7505","184-2083","東京都北区志茂1-3-16","田中工業株式会社","5298604632979414","01/25","082899143511"
"小坂 康郎","こさか やすろう",71,"1951年04月21日","男","B","kosaka421@example.com","06-3350-4569","080-8605-7516","595-2980","大阪府箕面市彩都粟生南2-3-4","","4292871233262438","04/27","287499990992"
"窪川 慎吾","くぼかわ しんご",70,"1952年09月19日","男","O","kubokawashingo@example.org","03-4767-1195","080-4320-1722","116-9261","東京都練馬区東大泉1-1-6","","4663273802054422","04/23","961583795022"
"松下 智恵子","まつした ちえこ",63,"1959年09月16日","女","A","matsushita916@example.ne.jp","078-121-8093","070-3899-1156","675-4673","兵庫県尼崎市東難波町1-2-10","","4601688702949782","07/25","561117532102"
"西田 秀樹","にしだ ひでき",55,"1967年09月11日","男","B","hideki_nishida@example.net","0554-70-8632","090-5744-1758","403-4881","山梨県甲府市中央1-1-1202","株式会社オリエンタル","377440678309181","04/25","866733399896"
"木村 悠太","きむら ゆうた",26,"1996年07月14日","男","AB","kimura_714@example.jp","03-1122-8860","090-2820-4979","164-6026","東京都江戸川区大杉2-1-1007","株式会社プラム","3542251331249043","12/27","347501963194"
"足立 勉","あだち つとむ",23,"1999年06月28日","男","B","adachi_tsutomu@example.net","0270-03-0751","050-9745-4295","379-9518","群馬県高崎市中居町3-4-5","有限会社オフィスケイ","5415005393245680","12/24","288569232167"
"高橋 理加","たかはし りか",38,"1984年10月06日","女","A","takahashi_rika@example.com","0156-02-4517","080-7165-8700","080-4407","北海道札幌市北区北十六条西4-1-8","株式会社アプリコット","372325805688174","11/25","576500307136"
"大沢 育生","おおさわ いくお",56,"1966年11月19日","男","O","osawa_ikuo@example.co.jp","0152-33-6880","090-5438-7177","041-5848","北海道札幌市中央区南十条西2-5-7","株式会社アイコム","4993707049960710","09/23","780097209362"
"杉浦 敏雄","すぎうら としお",58,"1964年05月01日","男","A","sugiura_51@example.org","03-2612-1102","050-9085-4086","194-2604","東京都三鷹市下連雀2-2-18ミラージュパレス104","有限会社アオキ","5529822862462221","03/25","957598778275"
"鈴木 貴紀","すずき たかのり",30,"1992年10月12日","男","B","suzuki1012@example.com","0577-27-9250","070-9655-6132","507-3639","岐阜県各務原市蘇原村雨町1-4-16プラネ612","株式会社タカヤマ","4951283051563065","05/27","734992661775"
"杉村 薫","すぎむら かおる",35,"1987年01月28日","男","O","sugimura_128@example.net","03-5555-7599","050-3938-6596","154-4948","東京都江戸川区春江町1-2-10","有限会社橋本工務店","378980967042943","03/24","482698121623"
"砂田 ひろみ","すなだ ひろみ",38,"1984年10月12日","女","O","hiromisunada@example.jp","04-5490-7046","050-9647-9470","266-0559","千葉県松戸市五香西2-2-3グランフォルム507","有限会社トップ","4251197635107362","08/26","683014589716"
"渡辺 育代","わたなべ いくよ",70,"1952年12月17日","女","A","watanabe1217@example.net","06-0615-3061","090-2012-1048","555-0482","大阪府大阪市阿倍野区松崎町1-1-4ウォームスヴィル810","","4345618128134819","08/26","243456744800"
"小林 秀明","こばやし ひであき",40,"1983年01月05日","男","B","kobayashi_15@example.ne.jp","0466-93-7575","050-3817-7591","251-0755","神奈川県横浜市中区本町1-3-4","株式会社リアライズ","3549802078341949","08/26","506939365169"
"鈴木 大","すずき だい",49,"1973年05月01日","男","A","daisuzuki@example.co.jp","03-6922-1820","080-3702-1115","143-4552","東京都東大和市芋窪2-2-7","株式会社NINE","5359938256768026","01/25","665937450909"
"板東 恭平","ばんどう きょうへい",59,"1963年02月04日","男","A","kyouhei_bandou@example.jp","03-6826-2865","090-5635-1525","118-8019","東京都文京区白山2-1-9","有限会社トミタ","4438649893216810","07/23","578153911217"
"武内 あゆみ","たけうち あゆみ",31,"1991年09月11日","女","A","ayumitakeuchi@example.com","0256-59-0497","080-0071-5319","952-1787","新潟県新潟市東区江南1-1-14プレジデント703","株式会社LINK","4556550995824194","02/23","268753915209"
"岡山 雅司","おかやま まさし",48,"1974年05月07日","男","AB","masashiokayama@example.co.jp","0594-40-3858","090-7988-5057","518-0435","三重県鈴鹿市住吉3-2-4","東洋興産株式会社","3570430529151725","04/23","757026127843"
"竹内 泰三","たけうち たいぞう",56,"1966年03月14日","その他・不明","A","taizoutakeuchi@example.net","0465-78-6334","070-3410-1772","222-4628","神奈川県横浜市瀬谷区瀬谷3-4-15","株式会社まほろば","3553626504405983","01/25","419693875782"
"山川 麻衣","やまかわ まい",66,"1956年10月27日","女","A","yamakawa1027@example.jp","0796-33-7142","090-0862-9094","674-7065","兵庫県西宮市山口町上山口3-1-8","","3569954800757697","07/23","658394701179"
"長谷川 隆昭","はせがわ たかあき",20,"2002年10月27日","男","O","takaakihasegawa@example.com","03-2344-8181","050-3557-8936","114-7228","東京都三鷹市中原3-4-16グレーシィ404","株式会社中村組","5290957644823014","01/26","459136165316"
"宮本 淳子","みやもと じゅんこ",77,"1945年03月21日","女","A","junkomiyamoto@example.net","0233-28-7278","090-0090-6394","999-8313","山形県山形市鈴川町3-2-7","","3548340909947387","11/25","906339789451"
"水野 亮史","みずの りょうじ",43,"1979年03月12日","男","B","mizuno_312@example.ne.jp","045-082-4070","070-5702-5970","232-0204","神奈川県横浜市泉区緑園2-3-6ソルディオ605","株式会社ウイズ","5513588752703135","07/23","338474024297"
"石田 巧","いしだ たくみ",23,"1999年10月25日","男","AB","takumi_ishida@example.ne.jp","03-5432-7484","090-0616-1611","205-4499","東京都渋谷区神宮前4-3-4","株式会社ひだまり","375378939700750","04/24","289280098892"
"中島 利光","なかじま としみつ",22,"2001年01月10日","男","B","toshimitsu_nakajima@example.jp","03-9023-4282","080-8906-8357","164-4750","東京都町田市鶴川1-4-11","株式会社ジャスティス","4700764059140307","03/23","278563047265"
"飯島 怜","いいじま れい",33,"1989年04月25日","男","AB","rei_iijima@example.org","03-5543-2318","080-2667-7489","139-8813","東京都港区赤坂2-5-20","有限会社宮崎商店","4245987666636993","03/27","106286796977"
"西原 淳美","にしはら あつみ",43,"1979年05月13日","女","A","nishiharaatsumi@example.ne.jp","03-2793-8229","070-5750-0969","132-5869","東京都目黒区青葉台1-3-12","","4314250345906279","07/25","619634920986"
"宮本 宣彦","みやもと のぶひこ",57,"1966年01月05日","男","O","miyamoto15@example.co.jp","05769-1-0200","080-3631-3866","500-1639","岐阜県多治見市幸町2-3-13","株式会社三宝","4877761730449161","05/24","860544267646"
"冨永 明宏","とみなが あきひろ",60,"1962年06月09日","男","B","akihiro_tominaga@example.co.jp","03-6617-4386","070-5579-0514","110-4877","東京都中央区銀座3-4-805グランミュゼ507","","376110237161339","11/25","872683042037"
"柴田 貴","しばた たかし",64,"1958年03月29日","その他・不明","B","shibata_329@example.co.jp","03-5802-0231","080-4285-0433","145-6009","東京都世田谷区弦巻4-1-5","","3589502185664057","07/26","717623360212"
"杉江 典弘","すぎえ のりひろ",33,"1989年09月27日","男","B","sugie_norihiro@example.jp","088-622-2179","090-8895-7150","771-2684","徳島県徳島市北矢三町1-1-6","有限会社ブレイン","5582976290683776","03/26","145496507655"
"松村 英樹","まつむら ひでき",42,"1980年09月09日","その他・不明","O","matsumurahideki@example.net","0146-95-8900","070-2624-4429","096-3192","北海道北広島市大曲工業団地2-2-15","","375974905134402","06/26","094030770069"
"廣島 とおる","ひろしま とおる",23,"1999年09月18日","男","A","tooruhiroshima@example.ne.jp","03-3225-4378","080-6733-0566","173-1051","東京都新宿区西新宿3-3-3コボリクラスタ413","株式会社パートナー","4764872216920926","07/26","806693710949"
"佐野 正敬","さの まさのり",26,"1996年10月22日","男","B","sanomasanori@example.com","03-6880-6268","050-8490-5846","185-2807","東京都中央区八丁堀1-2-3グリーンマンション602","有限会社グリーンライフ","378998030953235","03/23","993367675356"
"小野 淳","おの じゅん",25,"1997年11月05日","男","A","ono_115@example.com","06-4954-9239","050-5754-5869","533-8325","大阪府八尾市本町2-5-15","有限会社タカギ","379472245919265","06/23","150339507319"
"小林 彩奈","こばやし あやな",36,"1986年03月20日","女","B","ayana_kobayashi@example.com","0531-49-1375","050-7693-6533","482-9344","愛知県名古屋市東区砂田橋2-2-8","株式会社シーテック","5182760162529281","02/25","469607452316"
"松本 貞子","まつもと さだこ",66,"1956年08月24日","女","A","matsumotosadako@example.net","03-4621-0562","090-4715-2953","131-1814","東京都八王子市北野台3-2-5","","4581669902787275","10/27","064702023848"
"西村 正恵","にしむら まさえ",57,"1965年03月24日","女","O","nishimura_324@example.jp","03-8560-7400","090-5740-3418","100-7982","東京都港区芝3-2-9","","4413262635248072","09/25","207757038785"
"小林 浩幸","こばやし ひろゆき",20,"2002年11月01日","男","A","kobayashi_hiroyuki@example.jp","06-6260-7381","090-9805-5389","564-4468","大阪府大阪市東住吉区杭全3-1-1006","株式会社リスペクト","373878456799509","05/26","197057093160"
"三浦 照久","みうら てるひさ",50,"1972年11月03日","男","A","teruhisa_miura@example.com","03-0294-7928","080-5801-8752","147-3051","東京都大田区仲六郷3-4-22シャルマンフジ607","有限会社ひまわり","4486840882403524","03/26","402047019088"
"森 誠","もり まこと",28,"1994年09月21日","男","B","mori921@example.ne.jp","0278-16-4225","050-1618-6311","374-6260","群馬県安中市磯部1-3-3","株式会社トップス","375857980118772","01/24","496472803560"
"山本 玲子","やまもと れいこ",44,"1978年03月17日","女","O","reikoyamamoto@example.co.jp","0494-26-8739","080-7109-3438","362-0052","埼玉県さいたま市大宮区宮町4-3-5","株式会社北斗","378327254348361","03/24","879694978110"
"山嵜 智行","やまざき ともゆき",46,"1976年03月28日","その他・不明","A","yamazaki_328@example.co.jp","044-758-7182","090-9318-7904","232-2171","神奈川県横浜市緑区東本郷3-1-709","有限会社ワイズ","4872257204528304","07/26","361143477293"
"森下 由香","もりした ゆか",42,"1980年12月11日","女","B","morishita1211@example.com","093-327-0223","050-3601-2421","835-9059","福岡県北九州市小倉北区木町3-1-20コーポラス408","有限会社ガイア","372929482452877","07/23","574022805270"
"中田 敦","なかた あつし",37,"1985年04月02日","男","O","nakata_atsushi@example.org","06-3856-1740","070-9334-7712","568-9370","大阪府大阪市中央区南本町2-1-10エスト502","株式会社コトブキ","379486106619509","09/24","417178207626"
"小澤 貴之","おざわ たかゆき",49,"1973年04月06日","男","B","ozawa46@example.co.jp","0466-00-5917","080-1178-0156","213-8104","神奈川県川崎市幸区中幸町4-2-3","株式会社フレックス","3574431624461395","04/24","117635192156"
"五十嵐 知佳","いがらし ちか",32,"1990年06月16日","女","A","chikaigarashi@example.co.jp","03-6067-3618","080-9231-7876","129-9569","東京都品川区西五反田1-1-20","株式会社サンク","4543942435923106","12/27","057165083166"
"荒木 雄介","あらき ゆうすけ",31,"1991年07月26日","男","A","arakiyuusuke@example.co.jp","042-898-4351","080-6997-0174","345-3294","埼玉県入間市東町3-2-7","有限会社ヤマザキ","3582243506565593","11/26","671559350127"
"松原 優花","まつばら ゆうか",46,"1976年03月09日","女","B","yuukamatsubara@example.net","01587-8-8945","090-7406-3417","009-9211","北海道札幌市中央区南十五条西2-4-13","小林商事株式会社","4323575479133905","03/24","070451021174"
"宮島 拓","みやじま たく",32,"1990年12月06日","男","B","miyajima_taku@example.net","06-3906-9780","080-8782-2991","536-2511","大阪府大阪市西区本田2-2-7","株式会社クボタ","4967821912712652","10/25","898382817903"
"小山 崇之","こやま たかゆき",33,"1989年02月21日","男","A","takayuki_koyama@example.ne.jp","03-3400-4220","090-6050-0944","179-2973","東京都荒川区町屋2-1-17","有限会社オザワ","5520320241447707","12/24","765479175051"
"朝倉 敬一","あさくら けいいち",56,"1967年01月07日","男","A","asakura17@example.org","03-2814-2220","080-3185-8912","185-8512","東京都荒川区東日暮里1-3-6","株式会社サンクチュアリ","4375573901099320","09/23","756780063219"
"福田 真央","ふくだ まお",77,"1945年03月28日","女","A","maofukuda@example.co.jp","03-6254-0635","080-7968-7154","123-4780","東京都世田谷区深沢3-5-12","","5547434766155261","07/25","483928462197"
"田辺 あすか","たなべ あすか",35,"1987年09月16日","女","B","tanabeasuka@example.org","0598-12-8599","090-5198-9098","518-3066","三重県鈴鹿市加佐登3-4-206","有限会社フルハウス","5317880348721970","02/27","719172041625"
"宇佐美 美香","うさみ みか",22,"2000年12月13日","女","O","usami_1213@example.ne.jp","079-568-4331","090-3931-0462","665-9530","兵庫県神戸市中央区御幸通1-3-16グルーブ301","株式会社翔栄","3538005566523761","01/28","358838105906"
"和田 かおり","わだ かおり",31,"1991年01月26日","女","AB","wada_kaori@example.ne.jp","03-5251-1619","070-4364-1812","151-4384","東京都杉並区高円寺南2-3-603","株式会社エルフ","5513812407960837","08/26","943700145532"
"阿部 たかし","あべ まさし",54,"1968年02月22日","男","B","abe_222@example.ne.jp","0893-46-6850","050-0352-4243","793-4511","愛媛県松山市星岡1-1-408ヴィルヌーブ714","有限会社ナカガワ","5297992722959342","04/27","873521814377"
"山田 真澄","やまだ ますみ",49,"1973年06月27日","女","A","yamada_masumi@example.co.jp","0572-85-8912","050-1893-2257","506-9619","岐阜県各務原市蘇原青雲町2-2-4","有限会社ダイコー","377040407437038","12/25","676246384405"
"上野 涼太","うえの りょうた",59,"1963年06月13日","男","B","uenoryouta@example.net","06-5617-2969","080-6707-2312","566-4504","大阪府摂津市東別府2-2-3","鈴木建設株式会社","4437357706497210","02/27","222076475930"
"横田 俊樹","よこた としき",22,"2000年10月26日","男","O","yokota_1026@example.ne.jp","06-9984-1642","090-0997-9665","595-3333","大阪府大阪市北区西天満1-3-906","株式会社富士商会","4898308959720503","08/27","695658418643"
"佐々木 裕之","ささき ひろゆき",54,"1968年05月08日","男","A","hiroyukisasaki@example.jp","04-7417-0697","090-0389-3730","360-1277","埼玉県さいたま市見沼区東大宮3-4-3","株式会社ライフデザイン","5550148822017257","03/25","198974331491"
"佐藤 友美","さとう ゆみ",51,"1971年02月15日","女","A","satoyumi@example.ne.jp","01564-5-3118","090-9392-2279","042-8582","北海道札幌市北区北三十四条西1-2-7","株式会社キムラ","376883123514072","10/25","070974523017"
"高階 洋平","たかしな ようへい",56,"1966年10月20日","男","A","takashina_1020@example.com","0463-97-8959","070-4077-7599","228-2341","神奈川県横浜市鶴見区鶴見中央2-3-4","株式会社TKC","5449462131071110","11/24","546651117421"
"角田 健二","つのだ けんじ",55,"1967年11月17日","男","O","tsunoda1117@example.co.jp","0463-62-6546","070-6701-7526","240-2695","神奈川県横浜市青葉区あざみ野1-3-3","株式会社TRUST","4466916325025142","07/26","552883737230"
"三浦 麻依","みうら まい",75,"1948年01月06日","女","O","miura16@example.org","093-076-4305","090-3879-8035","809-9121","福岡県糟屋郡志免町別府北3-3-4","","5291267130868484","06/26","692551107166"
"諏訪 拓真","すわ たくま",49,"1973年06月19日","その他・不明","A","suwa_619@example.jp","03-9273-7236","090-0454-2190","199-8725","東京都葛飾区立石3-4-16エルパラッツォ715","有限会社わたなべ","4643257527070990","04/24","003638702206"
"原田 淳之介","はらだ じゅんのすけ",44,"1978年07月25日","男","O","junnosuke_harada@example.ne.jp","03-5592-9391","070-8132-6654","119-4618","東京都杉並区成田東2-4-202","有限会社協和商事","3541217394982953","09/27","126516900761"
"鈴木 亜美","すずき あみ",80,"1942年09月29日","女","O","suzuki929@example.co.jp","0531-25-4300","070-5335-6168","464-6520","愛知県名古屋市中村区名駅2-5-16","","3559194316752153","08/24","315009979043"
"沖 香織","おき かおり",71,"1951年06月29日","女","O","oki_629@example.ne.jp","03-4374-1526","080-1556-5488","208-7099","東京都世田谷区粕谷1-3-6ウォームスヴィル806","","5311815101915282","07/23","057877268022"
"山本 裕子","やまもと ゆうこ",71,"1951年12月27日","女","A","yamamoto_1227@example.ne.jp","03-6013-2213","080-4329-6094","157-3138","東京都杉並区下井草3-2-11","","377705714011714","10/26","234258117825"
"毛利 子","もうり こ",54,"1969年01月09日","男","B","mouri_ko@example.net","0463-36-0718","090-0499-1900","252-7052","神奈川県横須賀市根岸町3-1-15ハイネスクラウズ105","有限会社ダイセン","3577719891076285","02/23","818137663417"
"藤田 雄介","ふじた ゆうすけ",63,"1959年05月07日","男","A","fujita_yuusuke@example.jp","0436-71-5170","080-6850-5520","283-5654","千葉県習志野市大久保4-3-7","","3552257746975012","11/24","278665474133"
"中津川 耕一","なかつがわ こういち",22,"2000年12月21日","男","A","nakatsugawa_koichi@example.ne.jp","0460-38-5422","090-5951-7172","259-4216","神奈川県横浜市旭区若葉台3-5-17","","377629561831828","10/25","545113391630"
"黒川 雄一","くろかわ ゆういち",76,"1946年09月20日","男","A","kurokawayuuichi@example.org","03-9952-5650","070-9462-5352","206-2426","東京都豊島区西巣鴨2-2-11","","3529243243847318","09/27","887214436900"
"山口 かずみ","やまぐち かずみ",69,"1953年03月22日","女","O","yamaguchi322@example.net","0194-12-2158","050-6656-7023","024-6604","岩手県釜石市大平町2-3-10","","372969512352150","04/24","893214124143"
"磯部 哲史","いそべ さとし",47,"1975年03月12日","男","A","satoshiisobe@example.com","09496-2-2256","090-8617-0841","830-1646","福岡県福岡市東区西戸崎2-5-17","株式会社R","4104665879998190","02/25","043212618900"
"穴澤 大輔","あなざわ だいすけ",22,"2000年07月09日","男","AB","anazawa79@example.co.jp","0126-13-4225","050-2506-4021","099-4371","北海道札幌市西区発寒八条2-3-11","株式会社ファミリー","3588338632978050","11/23","843851251534"
"影山 めぐみ","かげやま めぐみ",29,"1993年05月28日","女","A","megumikageyama@example.net","0794-79-9584","050-5693-7539","678-1415","兵庫県神戸市垂水区塩屋町2-3-14","有限会社エム企画","4319854776371369","04/27","908080134500"
"菅原 直子","すがわら なおこ",22,"2000年08月26日","女","B","naokosugawara@example.org","03-7054-7399","050-5477-1479","150-2814","東京都中央区銀座3-5-6","有限会社スギモト","371607232644677","01/26","796515907334"
"北田 篤史","きただ あつし",26,"1996年10月25日","男","O","kitada1025@example.ne.jp","03-6074-8858","070-3014-3601","206-6423","東京都江東区東陽2-2-6","有限会社鈴木興業","5572558831155183","03/26","492405257432"
"秋山 大志","あきやま ひろし",53,"1969年04月07日","男","A","akiyama47@example.org","03-2877-8345","090-5034-2407","132-0937","東京都港区高輪2-4-7","株式会社TK","3534943438177461","04/26","621886843628"
"黒木 史子","くろき ふみこ",80,"1942年02月09日","女","B","kuroki_29@example.co.jp","053-840-0186","050-0169-2405","411-2497","静岡県焼津市焼津1-5-4ヒルズ516","","3550091512850816","07/26","678264075625"
"白橋 結花","しらはし ゆか",43,"1980年01月10日","女","O","shirahashi_yuka@example.org","03-1064-8756","050-8933-8578","104-1984","東京都北区中十条2-2-8","","4971330780612337","01/24","302050912848"
"加藤 嘉幸","かとう よしゆき",49,"1973年09月15日","男","A","kato_yoshiyuki@example.jp","0567-43-7105","070-1405-5897","440-1319","愛知県愛知郡東郷町白鳥4-3-6","","374209847252025","02/26","928173713412"
"島田 里恵","しまだ りえ",75,"1947年12月17日","女","O","rieshimada@example.ne.jp","0155-68-1376","080-9009-6974","078-3144","北海道苫小牧市ときわ町1-1-3ジオ809","","5595133795166502","12/26","978663132717"
"竹中 寛子","たけなか ひろこ",77,"1945年09月22日","女","AB","takenaka_922@example.jp","01457-9-4090","070-9864-0885","040-6683","北海道札幌市北区北十一条西3-5-22モンテベルデ804","","5216776869107999","12/27","311730282279"
"吉田 洋佑","よしだ ようすけ",63,"1959年07月17日","男","AB","yoshida717@example.org","0581-14-4600","090-8714-3857","505-4208","岐阜県岐阜市月丘町3-4-5スカイマンション407","","376486490029219","12/27","019556572510"
"高安 大樹","たかやす たいき",42,"1980年12月21日","男","A","taiki_takayasu@example.com","03-8479-9904","070-8154-6701","149-1380","東京都品川区大崎1-2-3","有限会社小林工業","373344589459321","09/25","952658178882"
"宮崎 良子","みやざき よしこ",70,"1952年04月20日","女","A","miyazaki_yoshiko@example.ne.jp","0779-14-1020","070-2612-7870","919-4355","福井県あわら市市姫3-3-4","","4627967997346015","04/25","652559810611"
"森根 裕紀","もりね ひろのり",24,"1998年08月17日","男","B","morine_817@example.net","06-9508-2540","090-0925-5303","554-9210","大阪府大阪市福島区福島1-5-21","有限会社クリエイト","4925273259131644","10/24","923228210235"
"塚本 愛","つかもと あい",35,"1987年06月15日","女","A","tsukamotoai@example.jp","0736-26-4310","070-7500-1565","644-3880","和歌山県和歌山市美園町3-2-10","","3540583654531397","04/26","110750383017"
"田中 伸明","たなか のぶあき",56,"1966年09月10日","男","O","tanaka_910@example.co.jp","0295-74-0932","090-3592-8835","307-7881","茨城県日立市東町1-1-305","","3563957208117485","08/25","715006816907"
"田村 浩一郎","たむら こういちろう",32,"1990年10月22日","男","O","tamurakoichirou@example.jp","01635-9-9437","070-3222-1978","078-0756","北海道札幌市中央区宮の森三条3-2-509","有限会社タカノ","373433084135336","07/23","950355428506"
"田口 智晃","たぐち ともあき",75,"1947年06月18日","男","AB","taguchi_tomoaki@example.org","0494-62-0577","080-3762-9863","356-4793","埼玉県さいたま市大宮区桜木町2-3-6","","3530775781388707","12/25","064185713375"
"森山 直人","もりやま なおと",25,"1997年12月19日","男","B","moriyama1219@example.jp","0948-81-9016","090-0447-3461","831-2234","福岡県福岡市東区香椎浜3-4-1109フリックコート506","有限会社エバーグリーン","379974382447075","12/23","258880883213"
"石井 有希子","いしい ゆきこ",23,"1999年11月09日","女","B","ishiiyukiko@example.jp","03-8400-0624","050-1419-5179","165-7108","東京都立川市錦町2-4-9","株式会社建匠","4439896295579563","09/24","416278809104"
"小林 太郎","こばやし たろう",76,"1946年05月21日","男","A","taroukobayashi@example.com","04-8456-3235","080-7237-2979","289-6434","千葉県船橋市西船3-4-7","","374452337227434","07/26","681778455606"
"森田 麻衣子","もりた まいこ",72,"1950年08月20日","女","AB","morita_maiko@example.ne.jp","0257-64-8155","080-3024-2460","941-5126","新潟県新潟市西区浦山3-2-7","","4327312727850346","07/25","564432310290"
"松本 達也","まつもと たつや",22,"2000年06月11日","男","A","tatsuyamatsumoto@example.com","0123-39-5166","050-2844-4275","081-6878","北海道帯広市西二十一条南2-1-17","大和商事株式会社","3549625473514533","03/26","849806749872"
"蒲地 健志","かまち けんじ",41,"1982年01月14日","男","O","kenji_kamachi@example.ne.jp","076-763-0589","080-8063-1533","926-6943","石川県白山市鶴来本町3-2-6","株式会社キタムラ","3565060766025238","09/27","547617597763"
"森 由美子","もり ゆみこ",70,"1952年07月29日","女","A","mori_729@example.net","06-9299-6753","080-4018-7451","568-5694","大阪府大阪市住吉区我孫子1-2-22オークヒルズ407","","5116828855290205","10/25","762844110275"
"藤井 邦明","ふじい くにあき",60,"1962年06月30日","男","AB","fujii630@example.co.jp","03-4498-3421","050-2951-7021","199-0991","東京都足立区西新井2-2-19","","4710354930308899","04/25","273325843507"
"津島 真也","つしま しんや",71,"1951年02月05日","男","B","tsushimashinya@example.com","049-265-6978","050-2196-0196","332-1497","埼玉県さいたま市中央区鈴谷2-3-7","","3530020504209751","04/26","588004376878"
"菊地 奈津美","きくち なつみ",74,"1948年07月01日","女","A","kikuchi71@example.com","03-7197-1484","070-7303-6255","159-3986","東京都板橋区赤塚3-2-17","","3562731775479672","05/24","349460586820"
"尾藤 万喜子","びとう まきこ",46,"1976年08月16日","女","A","makiko_bito@example.com","0536-77-1163","070-2941-7025","451-5443","愛知県名古屋市中区栄1-2-21","株式会社新星","4238063959713904","12/27","562587322836"
"春日井 高志","かすがい たかし",38,"1984年11月16日","男","A","takashi_kasugai@example.ne.jp","079-621-5444","070-0598-3922","676-9287","兵庫県神戸市灘区船寺通1-3-12","株式会社悠","3532460158125036","05/26","499555700495"
"森田 航介","もりた こうすけ",27,"1996年01月03日","男","A","morita13@example.net","03-0107-4138","080-9832-4886","135-6872","東京都港区芝浦1-3-8ルナコート808","株式会社ウィング","4801883504967979","04/23","748834725996"
"山下 幸久","やました ゆきひさ",77,"1945年09月04日","男","O","yamashita94@example.com","088-221-1935","050-2522-0323","777-8658","徳島県徳島市南昭和町2-1-5ブラームス103","","5317274214113829","09/25","482945393011"
"森 一彦","もり かずひこ",22,"2000年12月23日","男","A","kazuhiko_mori@example.co.jp","03-5857-8855","080-2576-9529","190-3052","東京都八王子市子安町4-2-9","","5487979647087689","02/24","847044023825"
"宮之原 佳祐","みやのはら けいすけ",32,"1990年08月17日","男","B","miyanoharakeisuke@example.jp","06-5781-3808","090-8292-0975","535-5323","大阪府大阪市福島区海老江1-2-6","","5459311528063411","06/25","027465727824"
"三浦 健","みうら けん",74,"1948年11月13日","男","A","ken_miura@example.jp","0465-41-7135","070-2085-0758","217-3438","神奈川県横浜市瀬谷区瀬谷3-4-15","","379179498179865","01/25","085446483876"
"小田中 典弘","おだなか のりひろ",68,"1954年03月25日","男","A","norihiroodanaka@example.com","09802-1-3082","080-3290-5597","906-1446","沖縄県沖縄市上地2-3-10","","370046093562234","07/24","206431016360"
"井上 正史","いのうえ まさし",67,"1955年10月08日","男","A","inoue_108@example.com","03-7296-4043","090-4566-5900","135-1845","東京都葛飾区小菅2-1-9","","5116807991845726","05/27","994889522181"
"鈴木 隆","すずき たかし",57,"1965年08月05日","男","A","suzuki_takashi@example.org","0126-85-3826","080-1531-1813","057-5593","北海道帯広市大通南3-4-505","株式会社ダイワ","4589942319486779","10/24","476604561552"
"早川 ひとみ","はやかわ ひとみ",79,"1943年02月20日","女","B","hayakawa220@example.net","0868-97-4273","090-3897-3722","708-2533","岡山県倉敷市児島唐琴1-3-904","","371938283096396","02/27","323056768320"
"荒木 透","あらき とおる",63,"1959年07月22日","男","O","tooruaraki@example.org","03-2040-4318","090-4169-5664","158-1132","東京都港区六本木2-1-21","","5476312316828147","09/25","977423825670"
"福田 和希","ふくだ かずき",54,"1968年12月06日","男","B","kazukifukuda@example.ne.jp","03-4610-6298","050-0760-0014","176-0933","東京都港区赤坂1-1-8","株式会社サイトー","370092726978322","05/23","164837115950"
"高橋 未奈子","たかはし みなこ",25,"1997年07月27日","女","A","minakotakahashi@example.ne.jp","06-8118-9221","050-9548-4857","569-8126","大阪府大阪市鶴見区安田2-1-7","株式会社ロイヤル","5499215780410743","03/24","649113659811"
"横江 博美","よこえ ひろみ",55,"1967年12月10日","女","O","yokoehiromi@example.jp","0123-77-3087","070-5445-1040","053-4303","北海道札幌市北区南あいの里3-3-1206","株式会社京和","377886965873141","07/24","227891269514"
"武市 康太","たけいち こうた",41,"1981年06月28日","男","O","kota_takeichi@example.net","03-6827-9277","070-8606-7938","163-8331","東京都江東区大島2-5-13","株式会社ウィズダム","373038187043012","10/23","247871970110"
"田中 英明","たなか ひであき",42,"1980年12月22日","男","O","tanaka1222@example.ne.jp","06-2140-1793","070-2716-8932","573-3378","大阪府大阪市淀川区西中島2-4-19","株式会社ワンズ","4768876792387158","09/26","192907405601"
"伊藤 祐","いとう ゆう",38,"1984年01月27日","男","AB","ito_yuu@example.jp","0479-48-9967","080-6949-7909","304-1016","茨城県鹿嶋市宮中2-2-8","有限会社創美","5416361460543773","03/26","747281394256"
"本間 仁","ほんま ひとし",42,"1980年12月11日","男","A","hitoshihomma@example.ne.jp","03-6035-9802","090-0396-4481","172-5203","東京都港区西麻布3-2-17サンクタス115","株式会社ハイブリッジ","3544017163114649","08/23","857458714329"
"岩渕 豊","いわぶち ゆたか",76,"1946年03月26日","男","B","yutakaiwabuchi@example.org","0737-34-6983","090-4629-1815","641-0709","和歌山県和歌山市砂山南3-1-6","","4815377623581161","02/23","961998652448"
"吉田 千尋","よしだ ちひろ",26,"1996年11月24日","女","O","chihiro_yoshida@example.org","06-4392-9528","050-1290-6927","580-9196","大阪府八尾市北木の本1-1-10","有限会社エルム","5468134106053342","05/25","414757257539"
"牧山 恵子","まきやま けいこ",53,"1969年07月10日","女","O","makiyama710@example.org","06-8319-7699","070-9729-3824","538-8507","大阪府東大阪市善根寺町3-2-17","株式会社アース","4441644920787508","07/23","722158175911"
"室井 繭子","むろい まゆこ",74,"1948年06月23日","女","B","muroi623@example.jp","06-9549-1717","050-9705-0734","566-9608","大阪府大阪市東淀川区東中島2-4-22","","3552858599142764","02/23","649312982621"
"中本 善彦","なかもと よしひこ",21,"2001年10月20日","男","A","yoshihikonakamoto@example.com","0948-35-2745","090-3549-8980","831-6647","福岡県福岡市博多区中洲3-1-4アリスト107","有限会社木村商店","373597374750630","11/27","001372961615"
"占部 栄一","うらべ えいいち",78,"1944年07月12日","男","B","urabe_712@example.jp","0158-11-0291","090-9131-8448","093-9002","北海道札幌市中央区北四条西2-3-6","","5468359344781095","07/25","546496474050"
"樋口 政幸","ひぐち まさゆき",60,"1962年12月15日","男","A","masayukihiguchi@example.org","092-746-5651","050-2797-5314","809-5561","福岡県福岡市博多区博多駅前4-3-4","","4351134565495409","09/23","627672139280"
"木下 誠","きのした まこと",22,"2000年08月27日","男","B","kinoshita_827@example.co.jp","0794-97-3874","050-1260-4485","663-2195","兵庫県神戸市兵庫区小河通3-2-405ベルレーヴ412","株式会社KSK","378374042581960","07/27","040585512771"
"大森 晴香","おおもり はるか",24,"1998年05月29日","女","O","omori_haruka@example.net","06-8352-4150","080-8303-9682","566-4091","大阪府大阪市中央区本町3-5-17","株式会社シンエイ","5537107708955863","04/25","801891847885"
"海保 ひろ","かいほ ひろ",23,"1999年12月24日","女","A","hiro_kaiho@example.net","049-048-3771","090-4141-6535","343-9519","埼玉県さいたま市緑区東浦和3-1-508","株式会社ニッコー","379586572438597","01/26","430099919870"
"阿部 奈津子","あべ なつこ",35,"1987年08月12日","女","A","natsukoabe@example.ne.jp","0561-20-3021","090-1974-9595","448-5542","愛知県名古屋市中村区名駅3-5-18","株式会社アステック","3542198993084350","08/23","445899465212"
"芹澤 瑞穂","せりざわ みずほ",42,"1980年02月29日","女","A","serizawa229@example.ne.jp","03-8235-0669","080-6219-1358","140-5987","東京都中央区築地1-3-8","株式会社シフト","3551575713377727","11/26","097318901205"
"平松 裕司","ひらまつ ゆうじ",44,"1978年03月11日","男","A","hiramatsu_311@example.jp","0562-26-1613","090-4969-0355","478-5716","愛知県名古屋市昭和区滝子通2-5-903","有限会社美光","3553287884307701","11/26","403724480419"
"伊藤 真弓","いとう まゆみ",34,"1988年03月19日","女","B","itomayumi@example.com","0993-05-4558","080-6571-3950","890-2214","鹿児島県鹿児島市唐湊1-5-15","株式会社飛鳥","370712929841882","10/25","447582275488"
"堀川 貴哉","ほりかわ たかや",45,"1977年03月01日","男","A","horikawatakaya@example.co.jp","03-8997-8347","050-1734-1860","166-6789","東京都足立区千住3-5-11","有限会社高橋建設","5429280968823500","01/27","187333868892"
"増山 信子","ますやま のぶこ",41,"1981年04月04日","女","AB","masuyamanobuko@example.org","0233-07-0726","090-1567-9297","998-1811","山形県東根市中央1-2-19サニークレスト704","有限会社コスモテック","5159046369285748","05/23","683870729359"
"五十嵐 唯史","いがらし ただし",50,"1972年02月19日","男","O","igarashi219@example.ne.jp","03-4260-0884","080-2623-6808","163-9686","東京都町田市金森東3-2-20","有限会社サンアイ","3575593155680831","03/25","446314363068"
"古山 勝哉","ふるやま かつや",69,"1953年06月03日","男","A","katsuyafuruyama@example.net","0562-77-1970","090-8077-9186","458-4328","愛知県名古屋市中村区名駅南1-3-4","","374190938038228","12/23","923871233625"
"中村 恵子","なかむら けいこ",47,"1975年01月30日","女","A","keikonakamura@example.com","0965-20-9063","070-2354-9950","866-4138","熊本県熊本市中央区黒髪2-1-7","株式会社リボーン","5125803957822790","10/26","574838764408"
"長坂 洋一","ながさか よういち",55,"1968年01月12日","その他・不明","AB","nagasaka112@example.org","03-6748-5149","070-1593-2950","163-9227","東京都足立区西新井4-3-4","有限会社アウル","3588738847416087","01/24","588202409897"
"川上 一彦","かわかみ かずひこ",68,"1954年01月29日","男","A","kawakami129@example.ne.jp","03-8641-2377","050-6067-5213","190-5395","東京都足立区保木間3-4-7ロイヤルアーク212","","4877180553461841","06/26","222577893309"
"田中 洋文","たなか ひろふみ",67,"1955年08月18日","男","O","tanakahirofumi@example.org","078-754-5448","070-7235-4810","658-4263","兵庫県神戸市長田区日吉町1-2-9","","379125049526989","07/25","621664090478"
"一ノ瀬 康宏","いちのせ やすひろ",69,"1953年07月29日","男","O","ichinose_yasuhiro@example.com","03-4096-1172","070-5913-3694","122-8616","東京都千代田区九段南1-1-10","","5211895651108380","04/26","801094623475"
"飯嶋 麻子","いいじま あさこ",80,"1942年08月19日","女","A","iijimaasako@example.net","03-8460-6461","050-2572-4481","162-7935","東京都豊島区東池袋3-3-5","","3577441919180854","10/24","411679297716"
"増田 加奈子","ますだ かなこ",26,"1996年09月11日","女","B","kanakomasuda@example.ne.jp","0539-63-8013","050-5814-6320","430-1666","静岡県浜松市中区曳馬1-2-9ニューライフ215","有限会社アイビー","3577369753141668","07/26","698707671766"
"佐々野 健司","ささの けんじ",36,"1986年07月05日","男","AB","sasano75@example.net","0556-19-6418","080-4439-8970","403-7035","山梨県甲府市中央3-3-5","株式会社京屋","374602878953497","04/27","521102776640"
"小宮 淳子","こみや じゅんこ",60,"1962年11月21日","女","A","junkokomiya@example.org","03-7301-3699","090-9959-1217","161-6850","東京都府中市白糸台1-3-3","","4623462172092208","10/27","508616081059"
"大橋 由夏","おおはし ゆか",43,"1979年03月29日","女","A","ohashi_yuka@example.org","03-4721-6778","070-9202-4765","147-9102","東京都大田区南馬込3-5-20","株式会社ING","4833784281150478","03/26","800565792900"
"松成 宏幸","まつなり ひろゆき",59,"1963年11月18日","男","A","hiroyukimatsunari@example.ne.jp","03-0181-6721","090-7029-3075","159-8534","東京都西東京市南町2-2-4","有限会社ナカムラ","5368589624175029","08/23","745309963119"
"長谷川 みさこ","はせがわ みさこ",80,"1942年12月12日","女","O","hasegawamisako@example.org","03-3987-8641","070-9087-4556","201-6623","東京都豊島区巣鴨3-2-8グリーンコーポ102","","4199617403781242","07/23","999211871960"
"河村 貴之","かわむら たかゆき",20,"2002年10月11日","男","B","takayukikawamura@example.net","03-8161-1352","080-0429-9037","101-6598","東京都墨田区石原4-2-7","株式会社エステック","3532289790483440","09/26","072627127856"
"戸崎 隆","とざき たかし",25,"1997年01月15日","男","O","tozaki_115@example.net","06-1115-4881","050-3947-0463","561-2497","大阪府八尾市中田1-5-22","協和工業株式会社","374550971709474","06/27","787416398453"
"元吉 大輔","もとよし だいすけ",32,"1991年01月05日","男","AB","daisuke_motoyoshi@example.co.jp","0466-06-4968","070-5304-6250","227-7371","神奈川県川崎市多摩区西生田4-3-5","株式会社共立","4907363882666892","03/24","603642459658"
"田中 将人","たなか まさと",70,"1952年04月23日","男","O","tanakamasato@example.com","049-933-1930","080-3547-2040","367-2594","埼玉県蕨市南町2-4-15","","5201957616842545","07/24","078497791587"
"篠崎 薫","しのざき かおる",42,"1980年10月31日","女","O","shinozaki_kaoru@example.net","047-783-2923","070-3746-7594","298-3510","千葉県松戸市六高台1-3-9セラ201","有限会社アーネスト","4509337763714007","04/26","046716342565"
"中村 仁","なかむら ひとし",39,"1983年12月07日","男","B","hitoshi_nakamura@example.org","0826-50-0847","070-4621-1090","735-1150","広島県広島市東区牛田新町4-3-5","株式会社STK","4011112747544411","08/23","215210981914"
"早川 賢二","はやかわ けんじ",50,"1972年06月02日","男","B","kenji_hayakawa@example.co.jp","0561-86-6946","090-5075-5244","440-0903","愛知県名古屋市中川区尾頭橋1-5-10","有限会社田中工務店","3587179059643939","04/27","160983545278"
"越智 優","おち ゆう",24,"1998年05月04日","女","O","ochi_yuu@example.org","06-2486-5889","070-4997-6228","576-0332","大阪府寝屋川市高柳1-1-3","株式会社サンケイ","4173278004865676","12/25","831516967829"
"長野 健作","ながの けんさく",37,"1985年03月16日","男","O","nagano_kensaku@example.org","0174-93-0348","050-6812-0279","031-9359","青森県青森市長島3-2-4","有限会社タクト","4911596587348423","12/26","032772709780"
"伴野 美華","ばんの みか",34,"1988年10月15日","女","O","mikabanno@example.net","0572-91-1736","090-3693-5710","505-9644","岐阜県岐阜市茜部菱野1-3-6ドルミ809","株式会社あかり","375270519785980","05/24","345419602873"
"中上 覚","なかがみ さとる",74,"1948年05月30日","男","A","nakagami_satoru@example.com","06-0789-8675","080-8619-9621","579-8514","大阪府大阪市天王寺区大道2-1-9","","3552297011028022","03/23","470339917937"
"橋本 秀和","はしもと ひでかず",57,"1965年02月03日","男","B","hashimoto_hidekazu@example.net","0948-08-3161","090-1158-8026","802-6539","福岡県福岡市南区野間1-2-3","有限会社ミナミ","5105121823591430","11/27","396176128675"
"井上 恵美","いのうえ えみ",56,"1966年08月02日","女","A","emi_inoue@example.jp","03-8654-7729","090-1388-7995","179-3784","東京都港区赤坂2-3-14","株式会社光栄","4763336155425306","02/23","971056402050"
"伊藤 千春","いとう ちはる",58,"1964年06月10日","女","A","ito_chiharu@example.net","0745-72-1644","050-2975-6352","637-6887","奈良県奈良市芝辻町1-3-608","有限会社清水商店","5304523023069274","12/24","579936248002"
"貝沼 大介","かいぬま だいすけ",47,"1975年04月13日","男","A","kainuma413@example.org","0155-42-5848","080-2297-5928","079-8277","北海道札幌市西区八軒八条東4-2-3","鈴木建設株式会社","4931300915037634","04/24","624452396690"
"成瀬 覚","なるせ さとる",60,"1962年06月09日","男","A","narusesatoru@example.com","03-7555-8147","080-9001-1071","125-8054","東京都町田市原町田2-4-5","","3586974917356042","10/25","581247256906"
"和田 卓","わだ すぐる",73,"1949年08月09日","男","A","wada_suguru@example.co.jp","03-2299-6365","090-8927-5955","110-1857","東京都港区赤坂3-2-13","","5199667483574188","04/23","436592048747"
"櫻井 弥生","さくらい やよい",78,"1944年12月31日","女","B","sakuraiyayoi@example.com","0465-41-9385","050-9039-2277","226-5237","神奈川県相模原市中央区星が丘1-2-5","","5102480683753735","06/23","184075670749"
"藤本 かおり","ふじもと かおり",78,"1944年01月26日","女","A","fujimoto_126@example.org","0795-94-0674","070-5643-6145","654-4336","兵庫県姫路市安田2-3-6","","3531449500081527","05/27","568043585025"
"片野 一郎","かたの いちろう",70,"1952年07月05日","男","B","ichirou_katano@example.org","03-9679-4191","080-4091-6507","158-9606","東京都港区六本木3-3-5","","3570912004820361","10/25","995373795129"
"石井 博史","いしい ひろふみ",35,"1987年06月04日","男","O","ishii_64@example.co.jp","06-1529-9880","070-0047-2026","545-0200","大阪府大阪市阿倍野区文の里1-3-6","株式会社ニューライフ","3535976387257495","02/24","128837930894"
"小川 亜貴子","おがわ あきこ",59,"1963年09月19日","女","A","ogawa_919@example.net","0799-73-4542","080-5834-7707","665-9629","兵庫県神戸市中央区浜辺通3-2-8","","4750016883367575","02/27","201615055315"
"田中 遼太","たなか りょうた",23,"1999年05月27日","男","O","ryoutatanaka@example.com","0287-86-0846","090-1251-8249","326-5886","栃木県宇都宮市馬場通り3-3-22","有限会社サザンクロス","5514608907818205","06/26","733412558011"
"村上 あずさ","むらかみ あずさ",75,"1947年11月13日","女","O","murakami_1113@example.jp","0480-86-1677","080-9974-5124","349-9486","埼玉県新座市野火止2-2-18","","379736005222510","09/26","367378689946"
"礒田 淳","いそだ じゅん",41,"1981年11月12日","男","AB","jun_isoda@example.jp","044-924-6226","090-9329-2804","228-7630","神奈川県座間市入谷2-2-3","","5436606575179897","04/27","116803949377"
"窪田 望","くぼた のぞみ",41,"1981年12月20日","女","O","kubota_nozomi@example.net","0567-93-7099","080-5551-5504","443-3395","愛知県名古屋市中川区吉津3-2-602グランノア411","有限会社小林商会","3571225671733711","02/23","556019521743"
"佐藤 和紀","さとう かずき",80,"1942年03月21日","その他・不明","AB","kazuki_sato@example.net","0748-66-2147","080-1753-4093","526-6454","滋賀県草津市桜ケ丘2-4-14","","4040033995855652","05/27","045392371544"
"竹内 加奈","たけうち かな",57,"1965年01月24日","女","O","takeuchi_kana@example.co.jp","0532-16-3651","080-9075-6587","479-4086","愛知県豊橋市西小鷹野2-4-15","株式会社SAKURA","3540305050858244","11/27","356820913000"
"丸山 けん","まるやま けん",64,"1958年02月23日","男","A","kenmaruyama@example.com","06-4567-2716","090-8004-2471","588-3773","大阪府大阪市淀川区西中島1-4-1007","","5405413571612089","04/26","353280012955"
"立川 信子","たちかわ のぶこ",75,"1947年06月17日","女","O","tachikawa_nobuko@example.com","06-8666-3165","050-5942-4968","569-0737","大阪府大阪市中央区南船場2-1-406","","5274107787051334","04/27","248085667612"
"阿部 和洋","あべ かずひろ",51,"1971年08月12日","男","O","kazuhiroabe@example.net","0847-64-4498","070-7334-1113","722-6243","広島県広島市南区大州4-3-4コート111","有限会社ナカヤマ","3575654360639903","10/24","515608317538"
"中野 恵","なかの めぐみ",48,"1974年11月11日","女","A","meguminakano@example.jp","06-9593-7080","050-7182-5417","568-8614","大阪府大阪市東淀川区小松2-2-7","株式会社山田屋","5487486351315892","03/26","937178473095"
"山下 駿","やました しゅん",46,"1976年12月04日","男","O","yamashita_shun@example.net","03-5712-7315","070-6764-2912","137-7282","東京都豊島区南池袋3-1-6","株式会社ベスト","379281426570049","07/24","679673234065"
"高田 愛美","たかだ めぐみ",33,"1989年08月17日","女","A","takada817@example.jp","047-283-3524","070-4128-2721","277-6369","千葉県千葉市中央区蘇我1-5-803アリスト403","株式会社ダイサン","376353864869150","05/24","196021115225"
"近藤 美穂子","こんどう みほこ",80,"1942年05月29日","女","O","kondou_mihoko@example.jp","0467-29-6184","080-4688-1363","214-5217","神奈川県横浜市中区伊勢佐木町2-4-6","","372599928483172","09/27","424600860059"
"廣瀬 礼奈","ひろせ れいな",51,"1971年05月07日","その他・不明","A","hirosereina@example.ne.jp","03-6225-5514","070-6207-4935","102-2712","東京都中央区日本橋本石町3-3-11","有限会社吉田商会","3560406149861416","08/24","847002373044"
"中村 敦","なかむら あつし",20,"2002年03月30日","男","O","nakamura_atsushi@example.ne.jp","03-9880-6943","090-9647-3102","202-1964","東京都豊島区長崎3-5-7プラウドタワー308","株式会社大徳","3547244740401912","09/27","592768317016"
"玉置 伸行","たまき のぶゆき",25,"1997年05月16日","男","A","nobuyuki_tamaki@example.ne.jp","0790-49-4914","050-7314-1408","651-3727","兵庫県神戸市兵庫区駅前通2-3-19","株式会社ライト","3541958967273359","09/25","193855730203"
"石橋 庸子","いしばし ようこ",44,"1978年03月10日","女","A","ishibashi_youko@example.org","078-355-7935","090-4853-2193","662-1193","兵庫県神戸市中央区下山手通1-2-20","株式会社創研","371169817628500","12/25","948336155782"
"西郷 英俊","さいごう ひでとし",80,"1942年09月05日","男","B","hidetoshisaigou@example.net","03-2520-1380","050-6036-4378","153-6620","東京都荒川区東日暮里4-2-7","","3555796635963172","05/25","043424633004"
"佐久間 祥久","さくま よしひさ",77,"1945年05月09日","男","O","yoshihisa_sakuma@example.jp","06-8907-3474","080-3263-0428","591-0869","大阪府羽曳野市野々上2-1-14","","3568144644763439","11/24","814360056470"
"永井 隆司","ながい りゅうじ",49,"1973年03月06日","男","B","nagai_ryuuji@example.org","03-9992-7770","070-5513-4498","203-3458","東京都板橋区前野町4-2-3","有限会社高橋組","379066487984464","06/26","254529745550"
"今村 紘","いまむら こう",29,"1993年10月19日","男","O","imamura_ko@example.jp","06-3314-0348","050-0398-0173","590-2942","大阪府大阪市淀川区新高3-3-20","有限会社大和屋","374554675156487","08/24","709957185010"
"黒沢 毅","くろさわ たかし",46,"1976年03月15日","男","A","takashikurosawa@example.jp","042-074-3100","070-7765-6103","332-1726","埼玉県さいたま市南区文蔵2-2-7パークハウス805","有限会社中村組","4505850433340635","05/25","140868227539"
"鈴木 裕司","すずき ゆうじ",68,"1954年08月13日","男","AB","suzuki813@example.ne.jp","0564-79-5549","080-4680-2884","454-7357","愛知県小牧市古雅3-2-7","","5165656787276434","12/24","267903916989"
"清水 康宏","しみず やすひろ",54,"1968年10月11日","男","A","shimizu_1011@example.net","03-8562-5311","050-4752-0986","128-3994","東京都西東京市南町3-2-18コボリクラスタ406","株式会社リンクス","3544369732400425","07/27","809936651392"
"福島 あや","ふくしま あや",46,"1976年09月11日","女","B","ayafukushima@example.net","0268-52-1303","080-3352-1928","384-2225","長野県飯田市中央通り2-4-3","有限会社あさひ","4191567409084653","08/25","561425006730"
"加藤 敦","かとう あつし",40,"1982年05月14日","男","A","atsushikato@example.com","06-6982-5857","090-7525-1060","584-0683","大阪府大阪市港区築港3-4-10","","4934913771308670","07/23","939138280637"
"宮川 史子","みやがわ ふみこ",51,"1971年01月27日","女","A","miyagawa_127@example.jp","03-8420-9430","090-1321-2021","204-1645","東京都足立区花畑3-1-8","株式会社幸和","4943626427223973","08/26","474364456125"
"小野 浩","おの ひろし",63,"1959年06月17日","男","A","ono_617@example.ne.jp","052-794-0295","090-2615-7556","496-2366","愛知県名古屋市西区枇杷島2-1-9コムグレイス804","","372462608607349","08/24","376901240469"
"中山 篤志","なかやま あつし",33,"1989年07月28日","男","O","nakayama_atsushi@example.com","03-2630-1862","050-9369-4055","110-0934","東京都小金井市貫井北町3-2-20","有限会社日栄","375608885907292","03/25","412718462068"
"牟田 奈津子","むた なつこ",39,"1983年05月12日","女","O","muta512@example.jp","01456-9-5224","050-8676-6102","045-4048","北海道札幌市中央区北一条西3-3-4クレアコート512","有限会社キューブ","3570187059015502","12/23","535611725214"
"田中 幸一","たなか こういち",32,"1990年02月16日","男","A","koichitanaka@example.org","0572-76-6562","050-2870-3571","508-7278","岐阜県多治見市白山町1-4-21","有限会社コンフォート","4531627175997501","08/27","138296490026"
"佐々木 典子","ささき のりこ",72,"1950年10月08日","女","A","sasaki_noriko@example.org","03-4340-7431","080-5512-6331","148-7160","東京都府中市日新町1-3-5","","378847827386267","05/27","652858582862"
"川瀬 武","かわせ たける",61,"1961年02月24日","男","O","kawasetakeru@example.co.jp","045-938-0705","080-6147-2883","254-2336","神奈川県横浜市南区別所1-3-605","","379227895173187","09/24","159332515933"
"和久井 俊也","わくい としや",54,"1968年03月11日","男","AB","wakui311@example.com","03-8147-1087","050-2482-6646","195-7577","東京都中央区日本橋室町4-2-6","株式会社ダイトー","5430775749161275","01/26","794093029743"
"今村 めぐみ","いまむら めぐみ",67,"1955年06月04日","女","O","megumi_imamura@example.ne.jp","0799-53-4462","090-0153-3012","669-6357","兵庫県神戸市垂水区狩口台1-3-9","","373162920689970","01/27","640106689546"
"吉村 雅彦","よしむら まさひこ",50,"1972年07月31日","男","AB","yoshimura_masahiko@example.ne.jp","06-1619-7647","070-4810-1190","596-0564","大阪府大阪市住吉区長居東3-1-14","","4145558941253812","03/25","295018542790"
"谷 昌史","たに まさし",31,"1991年09月15日","男","O","masashitani@example.com","01648-4-5874","080-7518-5335","044-8105","北海道札幌市清田区真栄四条1-5-17","","5512933460210901","11/25","151394369940"
"柴田 毅","しばた たかし",54,"1968年10月12日","男","B","takashi_shibata@example.net","06-8261-3438","080-7553-4880","580-5681","大阪府吹田市山田東2-1-801","有限会社松本商店","4059169222964236","06/24","774977233670"
"梅本 学","うめもと まなぶ",52,"1970年10月27日","男","O","umemoto_manabu@example.net","0799-87-1214","090-8035-6808","656-1120","兵庫県宝塚市平井2-4-11","山口建設株式会社","5481919657227334","07/26","837270397678"
"西尾 孝之","にしお たかゆき",27,"1996年01月05日","男","B","nishiotakayuki@example.org","03-6723-0355","080-4246-7355","148-2453","東京都港区南麻布1-1-906","有限会社藤商","3556784561595167","07/25","202847040337"
"山口 章人","やまぐち あきひと",40,"1982年06月06日","男","O","yamaguchi_akihito@example.co.jp","0776-83-6946","050-3596-9078","913-8938","福井県福井市二の宮2-3-5","株式会社タカノ","376779158002761","05/25","296371415048"
"松森 晴美","まつもり はるみ",55,"1967年04月14日","女","AB","matsumoriharumi@example.ne.jp","052-177-5867","070-6824-0411","495-1386","愛知県豊橋市東小鷹野2-2-4","株式会社ポラリス","374311785162552","06/24","693311614784"
"大井 健一","おおい けんいち",56,"1966年01月25日","男","O","oi_kenichi@example.com","03-3870-7819","080-8970-8541","172-7162","東京都千代田区麹町1-4-16","有限会社高橋商事","371704906460025","05/25","315566468930"
"朝長 典子","ともなが のりこ",39,"1983年03月02日","女","A","tomonaga32@example.net","0258-54-6699","070-8281-3007","944-8435","新潟県上越市稲田1-3-6ミラージュパレス401","株式会社セイケン","378531273570745","12/25","704153050551"
"関谷 みさお","せきや みさお",74,"1948年12月27日","女","A","sekiya1227@example.net","06-3497-1776","090-5759-7037","580-9754","大阪府大阪市東住吉区中野2-2-10エーベル814","","4719768212600973","01/28","693775979742"
"石黒 靖","いしぐろ やすし",67,"1955年03月08日","男","AB","yasushi_ishiguro@example.org","03-3378-9020","050-7447-6766","206-0790","東京都練馬区南田中1-2-4","","3579624075110603","02/24","614082475107"
"山田 規子","やまだ のりこ",63,"1959年08月15日","女","A","noriko_yamada@example.net","03-3539-2626","090-4807-4512","176-4494","東京都葛飾区新小岩1-1-21","","373035559069708","12/23","839236327680"
"河本 杏子","かわもと きょうこ",21,"2002年01月12日","女","A","kawamoto112@example.com","073-260-1153","070-6490-2607","645-6690","和歌山県和歌山市手平1-2-5","株式会社かがやき","378496553571898","02/25","504772390040"
"川口 徳彦","かわぐち のりひこ",70,"1952年12月11日","男","B","norihiko_kawaguchi@example.net","03-5763-3934","080-3420-4836","112-2926","東京都台東区浅草2-2-10","","4251552842445908","05/25","075734632139"
"高畑 愛","たかはた あい",74,"1948年01月19日","女","O","aitakahata@example.com","058-787-4786","070-2741-6910","504-8393","岐阜県岐阜市北一色2-3-19","","371548527276546","05/23","727437200820"
"湯浅 亮介","ゆあさ りょうすけ",47,"1975年10月30日","男","O","yuasa_ryousuke@example.co.jp","03-1777-3840","050-0248-1483","154-5603","東京都新宿区下落合4-3-9ロマネスク806","株式会社ソニック","4852556446926646","04/25","287789849401"
"佐藤 智美","さとう ともみ",62,"1960年11月18日","女","O","tomomi_sato@example.net","0983-71-8315","090-9829-6063","888-4175","宮崎県宮崎市霧島2-2-5","","3577366950827768","04/24","427128238240"
"渡部 雄三","わたなべ ゆうぞう",40,"1982年06月10日","男","A","watanabe_yuuzou@example.ne.jp","0554-57-3530","070-7242-0167","408-2567","山梨県上野原市コモアしおつ2-1-504","株式会社清水","5598685950272943","11/25","496400032969"
"高津 桂子","たかつ けいこ",72,"1950年03月10日","女","B","takatsu310@example.co.jp","01456-9-4816","090-2210-7202","003-3527","北海道函館市桔梗2-5-21アステルコート111","","3582553627287780","09/27","841005553037"
"乾 芳子","いぬい よしこ",73,"1949年09月25日","女","A","inuiyoshiko@example.org","06-2917-2344","090-0542-8990","545-3832","大阪府茨木市上穂積3-3-5","","372500901437920","01/25","712441664052"
"松下 健三","まつした けんぞう",61,"1961年03月13日","男","B","matsushita_kenzou@example.com","043-267-9395","090-2556-5380","279-6134","千葉県四街道市旭ケ丘4-2-9","","5204299286732517","11/23","770185429113"
"伊藤 ゆり","いとう ゆり",64,"1958年10月13日","女","O","ito_1013@example.com","0465-89-4276","090-4446-2508","259-6716","神奈川県横浜市港北区高田西3-3-3","","4295865752191876","01/27","519487458274"
"佐藤 亜由美","さとう あゆみ",29,"1993年03月15日","女","A","ayumisato@example.org","03-0054-1502","050-8061-0449","201-5126","東京都練馬区大泉学園町4-1-5","有限会社山本産業","5532923840790090","06/23","240126874597"
"増尾 良彦","ますお よしひこ",70,"1952年12月14日","男","A","masuo_1214@example.org","06-4442-3977","070-8082-1304","534-9032","大阪府枚方市藤阪東町2-4-20","","370890045312754","01/27","454090084870"
"趙 英史","ちょう ひでふみ",72,"1950年02月23日","男","B","hidefumicho@example.org","03-9645-6034","050-6107-9304","149-2784","東京都目黒区八雲3-2-17","","3540544809224437","01/27","898848351977"
"佐藤 友寛","さとう ともひろ",35,"1987年12月01日","男","O","tomohirosato@example.jp","06-6830-3592","090-2130-7653","540-4901","大阪府大阪市中央区南船場2-5-308","株式会社スタート","3549073385932842","03/24","585557955273"
"井戸 敦志","いど あつし",62,"1960年10月20日","男","A","atsushiido@example.ne.jp","03-1399-0589","090-0938-1068","119-4680","東京都大田区南馬込1-5-4","","4920378172110099","01/25","190740349647"
"佐藤 英雄","さとう ひでお",74,"1948年02月28日","男","A","sato_228@example.ne.jp","03-9909-3173","080-9835-0369","123-2080","東京都八王子市みなみ野4-3-9ディアステージ808","","3571429576007177","08/23","247632588238"
"十時 彩香","ととき あやか",29,"1993年03月04日","女","A","ayaka_totoki@example.ne.jp","03-1841-5940","080-5200-0310","113-0760","東京都西東京市富士町2-4-15","株式会社アネシス","376585649679970","07/24","449492093588"
"高橋 亮","たかはし りょう",31,"1991年02月14日","その他・不明","O","takahashi214@example.org","0133-42-4277","080-1354-8607","088-1153","北海道北広島市西の里東1-3-9","株式会社A","5540387009926996","03/26","240275874257"
"小林 有","こばやし ゆう",46,"1976年01月29日","男","AB","yuu_kobayashi@example.jp","0280-07-3851","070-0102-4399","300-8840","茨城県取手市新町1-1-13","株式会社めぐみ","377885093284692","02/25","902993322060"
"伊藤 大典","いとう ひろのり",51,"1971年07月18日","男","B","hironoriito@example.net","0968-00-7196","070-6144-9640","861-6915","熊本県熊本市北区龍田2-2-21","株式会社東和","5115070714378589","10/24","828963384473"
"山本 円香","やまもと まどか",51,"1971年02月06日","女","A","yamamotomadoka@example.ne.jp","0225-96-1179","070-0884-0810","982-8804","宮城県仙台市泉区八乙女3-1-5","有限会社オカザキ","3575409901392789","12/24","310750226816"
"正木 治","まさき おさむ",44,"1978年09月13日","男","O","masaki_osamu@example.co.jp","03-6816-9363","080-0565-9250","207-6588","東京都渋谷区恵比寿2-1-17","株式会社丸正","5450680052490250","09/27","986795000227"
"佐々木 春菜","ささき はるな",42,"1980年07月21日","女","A","haruna_sasaki@example.ne.jp","03-4147-9525","090-4494-6243","209-6015","東京都台東区千束4-2-3","有限会社サンロード","376868563979984","08/24","276576410790"
"永原 高宏","ながはら たかひろ",71,"1951年12月28日","男","O","takahironagahara@example.co.jp","0138-31-4013","050-0899-0360","058-9559","北海道苫小牧市東開町2-2-4コボリクラスタ105","","3529052188937038","08/25","080012906670"
"馬場 高志","ばば たかし",27,"1995年10月16日","その他・不明","O","babatakashi@example.jp","03-3871-6330","070-1327-2957","141-9029","東京都東大和市向原2-3-11","","4279060137552691","12/26","490915499527"
"石井 文子","いしい あやこ",75,"1947年10月21日","女","B","ayakoishii@example.com","0790-34-3216","090-3899-3833","674-3886","兵庫県神戸市灘区高徳町1-4-807","","5137107003734108","12/24","461579824414"
"醍醐 麻美","だいご あさみ",75,"1947年03月27日","女","AB","daigo327@example.co.jp","03-7901-4500","070-9563-1399","106-5022","東京都東大和市南街4-2-9","","4594926140767369","01/24","399574148030"
"松田 健治","まつだ けんじ",68,"1954年11月14日","男","B","kenji_matsuda@example.org","03-3418-7303","070-1926-7732","162-3991","東京都台東区千束3-1-8","","375397580591771","06/23","378035123361"
"佐野 明彦","さの あきひこ",45,"1977年08月15日","男","A","akihikosano@example.co.jp","0465-84-8643","080-1278-2757","218-6711","神奈川県茅ヶ崎市高田3-2-4","株式会社アクト","4442210267760646","01/25","054657613641"
"関 恭平","せき きょうへい",45,"1977年03月11日","男","AB","sekikyouhei@example.co.jp","0568-80-6900","080-9149-5280","486-4903","愛知県名古屋市中区大須2-3-4","有限会社サカエ","5132388660681619","09/24","933437878770"
"逆瀬川 正輝","さかせがわ まさき",57,"1965年09月05日","男","A","sakasegawa_95@example.org","0466-04-1950","050-5320-7416","228-4767","神奈川県横浜市鶴見区生麦2-4-13","株式会社アドヴァンス","5179977845348443","01/27","071225164546"
"富永 雄太","とみなが ゆうた",41,"1981年04月13日","男","A","tominagayuuta@example.jp","052-602-3711","070-7805-1644","493-7441","愛知県豊田市市木町3-1-7","株式会社ライフ","377208377182393","10/24","137107720869"
"井上 繁幸","いのうえ しげゆき",47,"1975年04月16日","男","O","inoueshigeyuki@example.jp","015-423-4222","090-0057-2386","005-0167","北海道釧路市昭和南1-2-14","有限会社アンビシャス","372574999728045","02/25","917918947109"
"三谷 慶太","みたに けいた",57,"1965年07月02日","男","A","keita_mitani@example.org","0547-46-0512","080-3072-7243","415-7053","静岡県静岡市葵区安西2-4-3","株式会社TS","5483959264255771","03/27","633436122341"
"北岡 桂子","きたおか けいこ",22,"2000年08月06日","女","A","kitaoka86@example.org","0565-08-7104","070-3139-4268","458-3514","愛知県名古屋市中区千代田2-2-8","有限会社ハシモト","378856561132126","07/26","808896643107"
"唐沢 正太郎","からさわ しょうたろう",20,"2002年12月12日","その他・不明","A","shoutaroukarasawa@example.org","044-105-3886","080-8443-3178","257-1937","神奈川県川崎市中原区上小田中3-2-409グローバル603","有限会社インテック","5586711843073399","07/26","773928473901"
"高橋 透","たかはし とおる",80,"1942年10月05日","男","B","takahashi_tooru@example.net","03-1985-3918","050-3494-8326","121-9794","東京都大田区仲六郷1-5-18","","4344359112302879","07/27","801345767978"
"山口 数馬","やまぐち かずま",55,"1967年03月10日","男","B","yamaguchi_310@example.org","03-9152-0348","070-3554-9950","152-6085","東京都渋谷区広尾2-4-13","株式会社マルナカ","5501183222821065","03/25","020586494695"
"香取 晃司","かとり こうじ",35,"1987年03月08日","男","A","katorikoji@example.ne.jp","06-4662-9365","050-7597-3350","545-5369","大阪府大阪市平野区瓜破東2-3-11","株式会社マツイ","373736497161313","11/23","674352414787"
"中野 浩子","なかの ひろこ",61,"1961年01月24日","女","A","nakanohiroko@example.org","0294-36-6298","070-4612-4000","319-9348","茨城県取手市戸頭2-3-8","","4442416164178796","10/23","660106645736"
"藤井 清和","ふじい きよかず",74,"1948年11月30日","男","A","fujiikiyokazu@example.net","0798-18-8384","090-9572-1331","668-1788","兵庫県神戸市中央区八幡通3-1-9","","3548597813757745","06/27","847165478358"
"新間 将人","しんま まさと",44,"1978年06月24日","男","A","shimma624@example.jp","06-0826-1443","090-4607-8976","558-2114","大阪府箕面市箕面1-2-17","有限会社青木工務店","3566639847730764","11/23","939972548965"
"山本 昭仁","やまもと あきひと",70,"1952年11月08日","男","AB","yamamoto_akihito@example.net","0985-68-4633","070-1567-1196","886-7437","宮崎県宮崎市祇園2-2-1102","","4061746425398217","12/25","152193076038"
"長井 薫","ながい かおる",70,"1952年04月15日","女","A","nagai_415@example.co.jp","03-7169-8044","050-3595-4431","169-0975","東京都中央区銀座3-4-805パストラルハイム409","","5483705331788397","04/24","965336997904"
"浅野 誠之","あさの まさゆき",63,"1959年07月18日","男","A","asano_718@example.org","0536-05-2413","090-8489-3897","472-2655","愛知県弥富市西末広2-4-801","","379193032808426","01/25","192380564226"
"小野 篤司","おの あつし",35,"1987年02月15日","男","B","atsushi_ono@example.co.jp","0463-04-1142","070-8948-8550","231-8349","神奈川県川崎市中原区下小田中1-2-3","株式会社コウセイ","4625022667272182","03/26","360484565739"
"松波 勉","まつなみ つとむ",54,"1968年06月15日","男","A","matsunamitsutomu@example.net","078-122-2434","080-4656-1483","670-9980","兵庫県尼崎市東難波町1-2-12","株式会社クボタ","4231822768360786","10/26","702564501160"
"田中 高幸","たなか たかゆき",52,"1970年08月28日","男","O","takayuki_tanaka@example.net","055-759-5331","050-7447-7921","427-7446","静岡県焼津市本町2-5-801","有限会社ハセガワ","5550278460615391","02/24","862752127397"
"井口 正史","いぐち まさし",67,"1955年07月12日","男","A","masashiiguchi@example.net","0565-01-8371","090-8589-9963","455-3912","愛知県名古屋市中区栄3-5-4","","5482629126034265","06/26","960196860413"
"島田 信幸","しまだ のぶゆき",20,"2002年02月25日","男","O","nobuyukishimada@example.org","03-0859-8451","090-2807-1989","131-9907","東京都中野区東中野2-1-8","大和商事株式会社","371648810741493","06/23","000095804560"
"篠宮 剛生","しのみや たかお",36,"1986年04月23日","男","AB","shinomiya_takao@example.ne.jp","06-9628-5674","050-7325-1381","532-8439","大阪府大阪市東成区神路1-2-9","","4014092245886034","12/23","154415102469"
"佐藤 恵美子","さとう えみこ",30,"1992年03月23日","女","A","sato_emiko@example.org","03-6713-0614","080-5335-3860","164-9062","東京都港区赤坂1-1-703","株式会社プラスワン","370619334785572","11/27","290475704833"
"福島 健介","ふくしま けんすけ",57,"1965年09月15日","男","B","fukushimakensuke@example.net","03-6050-9625","070-0462-3239","182-0137","東京都練馬区平和台3-2-7ファミールグラン506","有限会社栄商事","370925603865924","01/26","071944724324"
"尾崎 隆","おざき たかし",44,"1978年03月16日","その他・不明","AB","ozaki316@example.co.jp","06-0616-0102","080-5436-4289","588-9361","大阪府大阪市西区南堀江4-1-7","株式会社ネクステージ","5193936698868859","01/27","068098984694"
"石関 哲也","いしぜき てつや",71,"1951年03月08日","男","AB","tetsuya_ishizeki@example.co.jp","03-7245-0795","050-9632-6089","125-5709","東京都中央区築地3-1-15クレアコート804","","4443836927817548","03/26","628006725693"
"竹森 寛人","たけもり ひろと",80,"1942年12月29日","男","B","hiroto_takemori@example.org","0153-77-9790","050-4507-8975","007-1695","北海道札幌市中央区北四条西2-3-6","","5415976480679991","08/26","919503958450"
"鈴木 貴宏","すずき たかひろ",49,"1973年09月12日","男","O","suzuki912@example.co.jp","0283-08-8440","070-9653-8366","327-3067","栃木県那須塩原市三島3-3-19","有限会社柳屋","5357808819428180","05/23","842069770887"
"三浦 賢一","みうら けんいち",31,"1992年01月06日","男","A","miura16@example.jp","0470-88-0228","080-2516-9699","297-4109","千葉県船橋市前原西1-3-4","有限会社大幸","4410763222228933","11/24","865742831788"
"井川 真一","いかわ しんいち",58,"1965年01月05日","男","O","shinichiikawa@example.org","0585-53-0854","080-2707-2518","508-5891","岐阜県岐阜市柳津町丸野1-2-7","有限会社友和","5555198905975306","09/24","850313041453"
"竹村 望","たけむら のぞみ",65,"1957年09月08日","女","AB","nozomi_takemura@example.jp","044-275-0941","050-2227-1730","219-4111","神奈川県横須賀市久里浜3-3-5","","4966108648092547","09/24","016553246761"
"仲宗根 亮","なかそね りょう",69,"1953年10月20日","男","A","ryounakasone@example.co.jp","0480-85-9220","080-2793-3902","349-0040","埼玉県さいたま市桜区栄和3-3-3","","3572569075701165","02/23","833902198263"
"野田 悟","のだ さとる",73,"1949年12月06日","男","B","noda_satoru@example.jp","0460-11-2667","090-2061-5310","249-6675","神奈川県平塚市四之宮2-5-21","","5344535111522313","05/26","813568509936"
"市田 千晶","いちだ ちあき",71,"1951年07月19日","女","B","ichida_719@example.org","03-6110-3996","080-1310-3868","114-3049","東京都世田谷区弦巻3-3-17","","4111405831689699","12/23","909871094967"
"古木 幸治","ふるき こうじ",40,"1982年12月26日","男","O","furuki_koji@example.com","03-6449-6699","080-2904-4596","162-7370","東京都港区南青山4-1-7","","4827894471152396","01/24","055487121656"
"中村 郁子","なかむら いくこ",22,"2000年12月18日","女","B","nakamura_ikuko@example.com","0857-07-2983","080-3711-9165","682-6067","鳥取県米子市角盤町1-2-7","株式会社リープ","3534572900387025","05/24","803588739479"
"佐藤 信太朗","さとう しんたろう",38,"1984年07月25日","男","O","shintarousato@example.org","049-817-7057","090-5172-8591","359-6554","埼玉県熊谷市銀座2-5-10","日東商事株式会社","4292006849768755","12/25","066102899025"
"仲谷 仁美","なかたに ひとみ",68,"1954年08月26日","女","B","hitominakatani@example.com","01547-2-5760","090-0311-5981","073-8494","北海道千歳市朝日町3-5-4","","4829531006025493","11/27","080014509759"
"帆足 千明","ほあし ちあき",51,"1971年06月28日","男","AB","chiaki_hoashi@example.co.jp","0565-18-8459","070-1982-3307","449-6361","愛知県春日井市柏井町4-3-5","有限会社三光","373388880385362","11/24","611077076882"
"竹 達郎","たけ たつろう",21,"2001年09月22日","男","O","taketatsurou@example.com","0985-85-7610","050-5513-6008","888-1895","宮崎県東臼杵郡門川町中須3-1-6ルジェンテ・リベル303","株式会社アークス","373968648096029","04/26","163806210885"
"中村 愛","なかむら あい",25,"1997年02月22日","女","A","nakamuraai@example.net","03-9209-9693","070-8018-0222","131-9628","東京都港区六本木1-4-15","","372109511843947","04/23","028087887962"
"佐野 佑樹","さの ゆうき",72,"1950年09月02日","男","A","yuukisano@example.jp","03-8074-9060","090-6858-5806","135-1255","東京都荒川区東尾久2-2-11","","3585941152548618","07/25","730870071530"
"阿部 健治","あべ けんじ",57,"1965年08月14日","その他・不明","A","abe_814@example.com","0480-47-9101","050-5887-2225","342-5588","埼玉県川口市上青木西2-1-9","株式会社ブレイン","3545512568908057","02/24","803076942736"
"野村 義人","のむら よしと",54,"1968年10月30日","男","O","nomura_yoshito@example.org","06-3027-8399","050-3208-4464","547-6930","大阪府寝屋川市仁和寺本町2-3-15","有限会社イシカワ","373032698284397","12/23","266491385928"
"中西 則子","なかにし のりこ",23,"1999年02月27日","女","B","nakanishi_227@example.org","03-1952-8399","090-6264-4339","117-5777","東京都江戸川区平井3-5-7","株式会社タクミ","372362191985948","07/26","007162086086"
"安部 圭","あべ けい",56,"1966年11月09日","男","O","keiabe@example.co.jp","03-2021-0387","070-7535-8767","178-1985","東京都東大和市向原1-2-19","有限会社双葉","4912721214883043","04/26","078359025288"
"三浦 洋","みうら ひろし",23,"1999年11月17日","男","A","hiroshimiura@example.ne.jp","03-0272-8203","080-1590-8130","129-6616","東京都港区芝浦3-2-13","株式会社インフィニティー","3546658361060650","04/27","090054305949"
"甲斐 育美","かい いくみ",22,"2000年03月05日","女","O","kai_35@example.org","03-7765-1496","080-4839-0055","137-6775","東京都中央区日本橋室町2-4-203","有限会社みのり","5386915040363311","08/23","739992022464"
"桑原 美穂","くわばら みほ",56,"1966年07月08日","女","A","kuwabara_miho@example.net","03-2360-6441","080-5755-5445","161-7646","東京都足立区西伊興3-2-19","株式会社マルシン","378371779182723","04/26","469176289072"
"濱本 陽子","はまもと ようこ",43,"1979年02月26日","女","O","hamamoto_226@example.net","06-8888-9129","090-7445-1566","554-0048","大阪府和泉市伏屋町3-1-5","有限会社タナカ","5244406648241580","08/25","553322058712"
"南 祐史","みなみ ひろし",44,"1978年09月02日","男","B","hiroshi_minami@example.org","03-7321-4286","070-0780-4402","153-7645","東京都新宿区高田馬場2-1-4","有限会社エンドレス","3545914983115690","03/25","315923437747"
"永野 尚之","ながの ひさし",61,"1961年02月28日","男","A","nagano228@example.co.jp","03-1859-8236","050-2315-4350","176-9051","東京都墨田区石原4-2-7","","3560384237689256","09/24","253871114329"
"奥田 元博","おくだ もとひろ",38,"1984年09月16日","男","O","okuda_motohiro@example.org","03-2010-0003","070-5632-8192","193-6279","東京都大田区中央2-5-9","有限会社セイワ","4456834894552879","08/26","067379656665"
"伊藤 ミエ","いとう みえ",71,"1951年11月16日","女","B","mieito@example.ne.jp","0475-72-3693","080-9061-2940","281-9354","千葉県船橋市西船1-2-602","","5587575570268103","03/25","910469213370"
"山岸 哲治","やまぎし てつじ",51,"1971年09月22日","男","A","tetsujiyamagishi@example.co.jp","03-9205-4075","050-2956-4351","107-2376","東京都新宿区高田馬場2-5-18","有限会社アライ","4327608345384802","02/25","219336523909"
"小早川 智基","こばやかわ とものり",53,"1969年12月19日","男","AB","kobayakawa_1219@example.org","0493-27-7844","070-6030-7850","364-7588","埼玉県春日部市備後東3-2-6","株式会社えん","5406828171109930","12/26","385685425571"
"藤井 直和","ふじい なおかず",48,"1974年03月21日","男","B","fujii321@example.co.jp","03-5289-9959","050-8941-8806","157-1245","東京都葛飾区新小岩2-2-5","株式会社ランド","4118382011957373","09/24","331989542768"
"齋藤 竜太","さいとう りょうた",24,"1998年11月09日","男","A","ryoutasaito@example.com","025-751-6063","050-6248-7816","959-4490","新潟県見附市本町3-1-15","有限会社クローバー","3587968802481179","07/24","272469543404"
"山田 正人","やまだ まさと",61,"1962年01月12日","男","B","masato_yamada@example.co.jp","06-5367-6544","050-0041-1850","565-6309","大阪府大阪市城東区成育1-3-19リーベスト213","","370997673405915","10/26","257656601800"
"西井 和生","にしい かずお",26,"1996年12月27日","その他・不明","AB","kazuo_nishii@example.org","01656-1-6028","050-7722-8515","070-7178","北海道旭川市永山二条2-1-6リバーガーデン513","株式会社真栄","373214446162741","05/27","149282759857"
"中川 健太朗","なかがわ けんたろう",31,"1991年12月24日","男","AB","kentarounakagawa@example.ne.jp","03-1379-3675","070-6447-9566","149-4299","東京都新宿区新宿2-4-5","株式会社アクシス","3565549199920478","03/27","279151927410"
"町田 かずみ","まちだ かずみ",50,"1972年04月25日","その他・不明","A","machida_kazumi@example.jp","0972-31-3845","080-2541-9934","875-6608","大分県大分市勢家町1-3-4","株式会社ヨシダ","5133967136960001","11/23","137149558336"
"是永 浩","これなが ひろし",38,"1984年06月27日","男","O","korenagahiroshi@example.org","0531-23-1575","090-4841-7135","440-6000","愛知県名古屋市中区栄3-4-6","株式会社HIRO","3533566482167210","08/26","199521116723"
"新藤 洋介","しんどう ようすけ",35,"1987年06月05日","男","O","yousukeshindou@example.co.jp","03-1684-5917","070-0384-7872","181-9067","東京都港区虎ノ門4-2-6トーカンキャステール510","株式会社クリエイト","373061042899865","09/23","611734901210"
"平田 小百合","ひらた さゆり",50,"1972年04月29日","その他・不明","O","hirata_sayuri@example.com","03-4081-3031","080-4120-9368","194-0510","東京都足立区保木間3-1-12","株式会社サンライト","3572103597095326","01/24","394007413031"
"土岐 昭典","とき あきのり",20,"2002年11月02日","男","O","akinoritoki@example.jp","03-5886-5406","090-9118-6692","170-7518","東京都世田谷区砧1-2-7","有限会社木村製作所","5517628719369129","04/26","780403124996"
"金田 芳彰","かねだ よしあき",79,"1943年12月29日","男","O","kaneda_yoshiaki@example.com","0463-05-3621","080-2621-1263","233-3848","神奈川県相模原市南区東林間3-2-15","","4960293355895153","01/28","507570938352"
"桃野 大吾","ももの だいご",24,"1998年02月26日","男","O","daigomomono@example.jp","0740-18-3111","090-5631-7900","522-0329","滋賀県大津市関津3-3-21","有限会社平成","5478848059306260","12/24","435486658335"
"池田 直生","いけだ なおき",57,"1965年06月17日","男","B","ikeda617@example.org","052-167-0681","050-0302-3457","454-1636","愛知県名古屋市中川区八神町3-1-3","有限会社スペース","5302201589896123","11/27","042019628781"
"前田 一彦","まえだ かずひこ",57,"1965年08月29日","男","O","maeda_kazuhiko@example.co.jp","01466-9-2331","070-5452-7991","045-3141","北海道札幌市白石区本通1-4-409","有限会社遠藤工業","372805394149936","11/23","816039470527"
"平松 幸代","ひらまつ ゆきよ",62,"1961年01月11日","女","B","hiramatsu111@example.jp","06-3473-4560","050-6227-2815","592-2730","大阪府八尾市山本町南1-2-14エスト402","","4075896479386115","10/23","357867198755"
"小田 律子","おだ りつこ",48,"1974年02月22日","女","A","ritsuko_oda@example.co.jp","03-8555-0574","050-0282-6799","127-1075","東京都墨田区江東橋1-3-4セラ412","株式会社アジャスト","5299147417588702","05/27","306261533350"
"長谷川 和浩","はせがわ かずひろ",61,"1961年06月23日","男","O","hasegawakazuhiro@example.ne.jp","03-5699-4003","080-6715-4474","124-4301","東京都練馬区豊玉北1-4-16クレアガーデン405","","4256825586157276","08/26","153673414916"
"小笠原 真一","おがさわら しんいち",54,"1968年11月02日","男","AB","ogasawara_shinichi@example.co.jp","06-7160-7853","050-0166-8389","587-6956","大阪府藤井寺市小山3-2-6","有限会社加藤商会","5200393056747310","09/27","547707875851"
"高田 雅博","たかだ まさひろ",71,"1951年07月16日","男","O","takada716@example.com","03-2226-4974","080-9639-2455","151-5251","東京都調布市国領町1-1-14","","3568295017306212","01/25","802090649638"
"小林 淳","こばやし じゅん",48,"1974年09月22日","男","A","kobayashi_922@example.jp","03-0374-7527","070-5306-5063","109-0743","東京都渋谷区千駄ヶ谷1-1-17","株式会社松栄","373859537803510","11/25","653932415783"
"吉岡 智和","よしおか ともかず",55,"1967年04月03日","男","O","tomokazu_yoshioka@example.co.jp","0126-36-8755","050-1339-7746","066-4883","北海道札幌市白石区菊水八条2-5-4","有限会社リバース","5316644810658859","07/23","683431359499"
"久保 元","くぼ はじめ",28,"1994年03月20日","男","A","kubo_320@example.net","01372-5-9074","090-6776-3646","089-4199","北海道札幌市北区北七条西2-2-5ユニハイム107","有限会社佐々木製作所","3555201104092371","08/26","742039421816"
"熊谷 隆夫","くまがい たかお",27,"1995年08月07日","男","AB","kumagaitakao@example.ne.jp","03-8242-7998","050-5064-0176","191-9200","東京都新宿区四谷2-2-22","株式会社シマダ","377681522132390","02/23","120020115012"
"川田 優子","かわた ゆうこ",62,"1960年01月16日","女","B","kawata_yuuko@example.jp","0566-41-5341","070-9673-3241","448-5240","愛知県名古屋市西区中小田井2-1-16エクセル611","","4309071250771384","03/23","991634771413"
"越山 悠","こしやま ひさし",47,"1975年03月04日","男","O","koshiyamahisashi@example.jp","0567-47-5449","080-3651-3911","496-6301","愛知県名古屋市中区栄3-2-20ディオレ114","有限会社ジュネス","5312321431043936","05/26","834251067315"
"畑中 大輔","はたなか だいすけ",49,"1973年06月23日","男","AB","hatanaka623@example.jp","0164-08-1582","090-5912-6343","063-5889","北海道小樽市桜4-2-7","株式会社松屋","3570274029885733","08/24","503247578457"
"石井 正樹","いしい まさき",34,"1989年01月05日","男","O","masaki_ishii@example.com","03-4030-8803","070-5897-9000","142-3840","東京都世田谷区若林1-1-205","有限会社スクラム","3554669979815186","11/26","456385183139"
"菅原 たか子","すがわら たかこ",79,"1943年03月01日","女","A","sugawaratakako@example.jp","0548-66-5084","090-5678-4963","418-6446","静岡県静岡市葵区新富町1-3-9","","4193325867207086","01/25","368704029206"
"美馬 幸穂","みま ゆきほ",74,"1948年09月08日","女","B","yukiho_mima@example.jp","0153-92-0039","080-6485-8399","049-5731","北海道恵庭市黄金北1-1-3","","5295779500551868","04/24","918768791276"
"新川 光一","しんかわ こういち",24,"1998年10月22日","男","B","shinkawakoichi@example.ne.jp","07468-3-4059","080-2160-8557","638-1515","奈良県奈良市芝辻町1-3-608","株式会社三共","3561261629213730","06/24","845619639073"
"織田 彩香","おだ あやか",73,"1949年06月19日","女","A","ayakaoda@example.ne.jp","06-4293-3271","070-1235-7517","544-0154","大阪府門真市岸和田2-2-10","","5159572515733331","05/25","193304260702"
"剣持 佳那","けんもち かな",26,"1996年04月14日","女","AB","kemmochi414@example.net","049-155-7154","090-9333-2799","337-1097","埼玉県草加市旭町2-1-3","株式会社ジャスティス","5445379552245938","10/27","177925251213"
"永田 和彦","ながた かずひこ",48,"1974年04月01日","男","A","nagata_41@example.jp","0977-77-8299","070-0865-2999","879-9714","大分県大分市古国府2-4-9","有限会社長谷川製作所","376601721152867","08/27","889404738590"
"松下 克美","まつした かつみ",35,"1987年03月29日","男","O","matsushita329@example.net","03-5692-2778","050-8920-3939","131-8110","東京都杉並区下井草3-3-702","有限会社長谷川商事","5472186341371529","12/24","424572785771"
"大塚 真美","おおつか まみ",75,"1947年12月23日","女","AB","otsuka_mami@example.ne.jp","03-3837-1147","080-6512-3617","139-2347","東京都千代田区神田駿河台2-5-17","","4725792461403584","02/24","747204631105"
"志摩 里絵","しま りえ",25,"1997年05月21日","女","A","shimarie@example.co.jp","0480-12-0011","080-7603-2486","333-5059","埼玉県川口市上青木西3-4-10","株式会社翔栄","372625880678929","11/23","018662007648"
"田中 嶺","たなか りょう",54,"1968年11月07日","男","A","tanakaryou@example.ne.jp","0436-67-5917","080-2245-9865","297-9295","千葉県佐倉市ユーカリが丘4-1-5","有限会社大和","4034251443751376","08/23","282405089390"
"猪股 菜美子","いのまた なみこ",48,"1974年03月30日","女","B","inomatanamiko@example.co.jp","0532-61-2441","090-6566-0402","458-9923","愛知県名古屋市中区正木3-1-7","株式会社SKT","4708060283245596","12/26","801980832956"
"杉浦 賢司","すぎうら けんじ",67,"1955年07月17日","男","A","kenjisugiura@example.jp","0795-79-9337","050-4112-3399","654-3086","兵庫県神戸市中央区磯辺通3-1-10","","3551000646513199","08/27","860543401330"
"田中 悦子","たなか えつこ",36,"1986年02月08日","女","A","tanaka_28@example.co.jp","01397-3-2269","090-8484-2076","004-2669","北海道札幌市中央区南一条西2-4-507","株式会社マツモト","3563415160501766","12/25","653075115150"
"今川 桃子","いまがわ ももこ",50,"1972年08月16日","女","O","imagawa_816@example.co.jp","03-3212-8508","070-5410-1994","157-1027","東京都港区六本木4-1-5","株式会社ドリームワークス","376188698474433","10/26","826817779048"
"福地 京子","ふくち きょうこ",51,"1971年12月14日","女","A","kyouko_fukuchi@example.com","03-9445-1900","090-6865-7773","174-7522","東京都江戸川区上篠崎2-2-1208","富士商事株式会社","4012665719878629","07/25","870098253798"
"吉田 直子","よしだ なおこ",52,"1970年03月03日","女","A","naoko_yoshida@example.org","0536-72-3659","050-3531-2917","458-6651","愛知県刈谷市銀座3-3-15","有限会社ツインズ","5362912751782043","11/24","199228667367"
"内山 真弓","うちやま まゆみ",62,"1960年10月21日","女","B","uchiyama_mayumi@example.ne.jp","03-2331-7127","090-3667-0220","188-8427","東京都台東区千束2-4-15","","4841828426958608","06/26","243237775112"
